source_file,original_url,rewritten_url,action,link_kind,anchor_text
migration/output/content/pages/can-a-isslot-element-have-a-dynamic-id.md,https://www.rhino-inquisitor.com/salesforce-b2c-commerce-cloud-content-erd/,/salesforce-b2c-commerce-cloud-content-erd/,rewrite,markdown-link,Content Slots
migration/output/content/pages/community-repositories.md,https://www.rhino-inquisitor.com/the-state-of-ohana-for-salesforce-commerce-cloud/,/the-state-of-ohana-for-salesforce-commerce-cloud/,rewrite,markdown-link,community
migration/output/content/pages/home.md,https://www.rhino-inquisitor.com/archive/,/archive/,rewrite,markdown-link,blog
migration/output/content/pages/life-with-goldie.md,https://www.rhino-inquisitor.com/community-salesforce-events-and-commerce-cloud/,/community-salesforce-events-and-commerce-cloud/,rewrite,markdown-link,Get noticed
migration/output/content/pages/life-with-goldie.md,https://www.rhino-inquisitor.com/events-and-the-golden-hoodie/,/events-and-the-golden-hoodie/,rewrite,markdown-link,Being the first in Belgium
migration/output/content/pages/privacy-policy.md,https://www.rhino-inquisitor.com/,/,rewrite,markdown-link,https://www.rhino-inquisitor.com/
migration/output/content/pages/salesforce-b2c-commerce-cloud-erd.md,https://www.rhino-inquisitor.com/the-salesforce-b2c-commerce-cloud-environment/,/the-salesforce-b2c-commerce-cloud-environment/,rewrite,markdown-link,Salesforce B2C Commerce Cloud
migration/output/content/pages/video.md,Connecting The Clouds: Wedding or funeral,/connecting-the-clouds-wedding-or-funeral/,link-video-heading,video-heading,Connecting The Clouds: Wedding or funeral
migration/output/content/pages/video.md,"Me, Myself and Headless: A composable Commerce Cloud Story",/me-myself-and-headless-a-composable-commerce-cloud-story/,link-video-heading,video-heading,"Me, Myself and Headless: A composable Commerce Cloud Story"
migration/output/content/pages/video.md,The path to being an Architect,/the-path-to-being-an-architect/,link-video-heading,video-heading,The path to being an Architect
migration/output/content/posts/20-years-of-dreamforce.md,https://www.rhino-inquisitor.com/get-connected-at-salesforce-connections-2022/,/get-connected-at-salesforce-connections-2022/,rewrite,markdown-link,Connections
migration/output/content/posts/20-years-of-dreamforce.md,https://www.rhino-inquisitor.com/trailblazerdx-2022-for-b2c-commerce/,/trailblazerdx-2022-for-b2c-commerce/,rewrite,markdown-link,TrailblazerDX
migration/output/content/posts/a-beginners-guide-to-webdav-in-sfcc.md,https://www.rhino-inquisitor.com/the-salesforce-b2c-commerce-cloud-environment/,/the-salesforce-b2c-commerce-cloud-environment/,rewrite,markdown-link,Salesforce B2C Commerce Cloud
migration/output/content/posts/a-deep-dive-into-the-23-7-sfcc-release.md,https://www.rhino-inquisitor.com/a-look-at-the-salesforce-b2c-commerce-cloud-23-6-release/,/a-look-at-the-salesforce-b2c-commerce-cloud-23-6-release/,rewrite,markdown-link,Read the 23.6 release notes
migration/output/content/posts/a-dev-guide-to-combating-fraud-on-sfcc.md,https://www.rhino-inquisitor.com/why-circumventing-sfcc-quota-limits-is-a-bad-idea/,/why-circumventing-sfcc-quota-limits-is-a-bad-idea/,rewrite,markdown-link,quota
migration/output/content/posts/a-look-at-the-23-9-commerce-cloud-release.md,https://www.rhino-inquisitor.com/creating-custom-ocapi-endpoints/,/creating-custom-ocapi-endpoints/,rewrite,markdown-link,using a workaround
migration/output/content/posts/a-look-at-the-23-9-commerce-cloud-release.md,https://www.rhino-inquisitor.com/how-to-use-ocapi-scapi-hooks/,/how-to-use-ocapi-scapi-hooks/,rewrite,markdown-link,hooks
migration/output/content/posts/a-look-at-the-23-9-commerce-cloud-release.md,https://www.rhino-inquisitor.com/what-is-new-in-the-23-8-commerce-cloud-release/,/what-is-new-in-the-23-8-commerce-cloud-release/,rewrite,markdown-link,Read the 23.8 release notes
migration/output/content/posts/a-look-at-the-salesforce-b2c-commerce-cloud-23-6-release.md,https://www.rhino-inquisitor.com/a-look-at-the-sfcc-23-5-release/,/a-look-at-the-sfcc-23-5-release/,rewrite,markdown-link,Read the 23.5 release notes
migration/output/content/posts/a-look-at-the-salesforce-b2c-commerce-cloud-24-2-release.md,https://www.rhino-inquisitor.com/sfcc-24-1-release-a-new-year-update/,/sfcc-24-1-release-a-new-year-update/,rewrite,markdown-link,last month's release notes
migration/output/content/posts/a-look-at-the-salesforce-b2c-commerce-cloud-24-2-release.md,https://www.rhino-inquisitor.com/the-deprecation-of-the-uuid-token-for-api-clients/,/the-deprecation-of-the-uuid-token-for-api-clients/,rewrite,markdown-link,UUID
migration/output/content/posts/a-look-at-the-sfcc-23-5-release.md,https://www.rhino-inquisitor.com/everything-new-in-sfcc-23-4/,/everything-new-in-sfcc-23-4/,rewrite,markdown-link,Read the 23.4 release notes
migration/output/content/posts/a-look-at-the-sfcc-23-5-release.md,https://www.rhino-inquisitor.com/how-to-set-up-slas-for-the-composable-storefront/,/how-to-set-up-slas-for-the-composable-storefront/,rewrite,markdown-link,SLAS
migration/output/content/posts/a-look-at-the-sfcc-23-5-release.md,https://www.rhino-inquisitor.com/salesforce-b2c-commerce-cloud-23-2/,/salesforce-b2c-commerce-cloud-23-2/,rewrite,markdown-link,recent update
migration/output/content/posts/a-look-at-the-sfcc-23-5-release.md,https://www.rhino-inquisitor.com/the-deprecation-of-the-uuid-token-for-api-clients/,/the-deprecation-of-the-uuid-token-for-api-clients/,rewrite,markdown-link,UUID tokens are being deprecated and will stop working shortly
migration/output/content/posts/a-new-commerce-cloud-community-in-town.md,https://www.rhino-inquisitor.com/,/,rewrite,markdown-link,https://www.rhino-inquisitor.com/
migration/output/content/posts/a-new-commerce-cloud-community-in-town.md,https://www.rhino-inquisitor.com/events-and-the-golden-hoodie/,/events-and-the-golden-hoodie/,rewrite,markdown-link,the first Belgian and Commerce Cloud Golden Hoodie
migration/output/content/posts/a-new-day-for-commerce-recap.md,https://www.rhino-inquisitor.com/20-years-of-dreamforce/,/20-years-of-dreamforce/,rewrite,markdown-link,United States
migration/output/content/posts/a-new-day-for-commerce-recap.md,https://www.rhino-inquisitor.com/events-and-the-golden-hoodie/,/events-and-the-golden-hoodie/,rewrite,markdown-link,Golden Hoodie
migration/output/content/posts/a-new-day-for-commerce-recap.md,https://www.rhino-inquisitor.com/the-salesforce-b2c-commerce-cloud-environment/,/the-salesforce-b2c-commerce-cloud-environment/,rewrite,markdown-link,B2C Commerce Cloud development and architecture
migration/output/content/posts/a-new-day-for-commerce-recap.md,https://www.rhino-inquisitor.com/the-state-of-ohana-for-salesforce-commerce-cloud/,/the-state-of-ohana-for-salesforce-commerce-cloud/,rewrite,markdown-link,eco-system
migration/output/content/posts/a-new-day-for-commerce-recap.md,https://www.rhino-inquisitor.com/the-state-of-ohana-for-salesforce-commerce-cloud/,/the-state-of-ohana-for-salesforce-commerce-cloud/,rewrite,markdown-link,Salesforce Commerce Cloud
migration/output/content/posts/ai-as-an-architect-and-content-creator.md,https://www.rhino-inquisitor.com/archive/,/archive/,rewrite,markdown-link,many things to write about
migration/output/content/posts/ai-as-an-architect-and-content-creator.md,https://www.rhino-inquisitor.com/delta-exports-in-salesforce-b2c-commerce-cloud/,/delta-exports-in-salesforce-b2c-commerce-cloud/,rewrite,markdown-link,non-documented feature
migration/output/content/posts/ai-as-an-architect-and-content-creator.md,https://www.rhino-inquisitor.com/preparing-for-the-b2c-commerce-developer-certification/,/preparing-for-the-b2c-commerce-developer-certification/,rewrite,markdown-link,understand
migration/output/content/posts/ai-as-an-architect-and-content-creator.md,https://www.rhino-inquisitor.com/salesforce-b2c-commerce-cloud-erd/,/salesforce-b2c-commerce-cloud-erd/,rewrite,markdown-link,ERD series.
migration/output/content/posts/ai-automation-to-augmentation-at-work.md,https://www.rhino-inquisitor.com/what-can-i-use-chatgpt-for-when-working-with-salesforce/,/what-can-i-use-chatgpt-for-when-working-with-salesforce/,rewrite,markdown-link,a particular AI chatbot dominating the workspace
migration/output/content/posts/ai-einstein-in-salesforce-b2c-commerce-cloud.md,https://www.rhino-inquisitor.com/wp-content/uploads/2022/09/sfcc-einstein-product-recommendations-scaled.jpg,/media/2022/sfcc-einstein-product-recommendations-75e024ae7c.jpg,rewrite-media,markdown-link,/media/2022/sfcc-einstein-product-recommendations-75e024ae7c.jpg
migration/output/content/posts/ai-wont-steal-your-sfcc-job-but-a-developer-using-ai-will.md,https://www.rhino-inquisitor.com/wp-content/uploads/2025/06/ai-rubber-duck-scaled.jpeg,/media/2025/ai-rubber-duck-43fdcc864a.jpeg,rewrite-media,markdown-link,/media/2025/ai-rubber-duck-43fdcc864a.jpeg
migration/output/content/posts/ai-wont-steal-your-sfcc-job-but-a-developer-using-ai-will.md,https://www.rhino-inquisitor.com/wp-content/uploads/2025/06/IMG_0132-scaled.jpeg,/media/2025/img-0132-7f6e8b78a7.jpeg,rewrite-media-wrapper,markdown-link,/media/2025/img-0132-7f6e8b78a7.jpeg
migration/output/content/posts/ai-wont-steal-your-sfcc-job-but-a-developer-using-ai-will.md,https://www.rhino-inquisitor.com/wp-content/uploads/2025/06/the-ai-composer-scaled.jpeg,/media/2025/the-ai-composer-48f0e91bb0.jpeg,rewrite-media,markdown-link,/media/2025/the-ai-composer-48f0e91bb0.jpeg
migration/output/content/posts/ai-wont-steal-your-sfcc-job-but-a-developer-using-ai-will.md,https://www.rhino-inquisitor.com/wp-content/uploads/2025/06/the-architect-mindset-as-a-developer-with-ai-scaled.jpeg,/media/2025/the-architect-mindset-as-a-developer-with-ai-c8033b7990.jpeg,rewrite-media,markdown-link,/media/2025/the-architect-mindset-as-a-developer-with-ai-c8033b7990.jpeg
migration/output/content/posts/an-overview-of-sfcc-global-functions.md,https://www.rhino-inquisitor.com/the-salesforce-b2c-commerce-cloud-environment/,/the-salesforce-b2c-commerce-cloud-environment/,rewrite,markdown-link,Salesforce B2C Commerce Cloud
migration/output/content/posts/b2c-commerce-cloud-campaign-erd.md,https://www.rhino-inquisitor.com/category/salesforce-commerce-cloud/erd/,/category/erd/,rewrite,markdown-link,so keep an eye out
migration/output/content/posts/b2c-commerce-cloud-campaign-erd.md,https://www.rhino-inquisitor.com/tag/erd/,,remove-orphan,markdown-link,list
migration/output/content/posts/b2c-commerce-cloud-campaign-erd.md,https://www.rhino-inquisitor.com/tag/erd/,,remove-orphan,markdown-link,ERD posts
migration/output/content/posts/b2c-commerce-cloud-campaign-erd.md,https://www.rhino-inquisitor.com/the-salesforce-b2c-commerce-cloud-environment/,/the-salesforce-b2c-commerce-cloud-environment/,rewrite,markdown-link,Salesforce B2C Commerce Cloud
migration/output/content/posts/caching-in-the-sfcc-composable-storefront.md,https://www.rhino-inquisitor.com/sitegenesis-vs-sfra-vs-pwa/,/sitegenesis-vs-sfra-vs-pwa/,rewrite,markdown-link,SFRA
migration/output/content/posts/caching-rest-apis-in-sfcc.md,https://www.rhino-inquisitor.com/how-to-use-ocapi-scapi-hooks/,/how-to-use-ocapi-scapi-hooks/,rewrite,markdown-link,hooks
migration/output/content/posts/chasing-clouds-catching-up-with-the-commercecrew-at-dreamforce-2023.md,https://www.rhino-inquisitor.com/commerce-cloud-t-shirts-on-shirtforce/,/commerce-cloud-t-shirts-on-shirtforce/,rewrite,markdown-link,Shirtforce
migration/output/content/posts/chasing-clouds-catching-up-with-the-commercecrew-at-dreamforce-2023.md,https://www.rhino-inquisitor.com/events-and-the-golden-hoodie/,/events-and-the-golden-hoodie/,rewrite,markdown-link,Golden Hoodie
migration/output/content/posts/commerce-cloud-t-shirts-on-shirtforce.md,https://www.rhino-inquisitor.com/the-state-of-ohana-for-salesforce-commerce-cloud/,/the-state-of-ohana-for-salesforce-commerce-cloud/,rewrite,markdown-link,it isn't known within the Commerce Cloud community
migration/output/content/posts/community-salesforce-events-and-commerce-cloud.md,https://www.rhino-inquisitor.com/events-and-the-golden-hoodie/,/events-and-the-golden-hoodie/,rewrite,markdown-link,privilege of presenting two sessions
migration/output/content/posts/custom-preferences-in-sfcc.md,https://www.rhino-inquisitor.com/salesforce-b2c-commerce-cloud-erd/,/salesforce-b2c-commerce-cloud-erd/,rewrite,markdown-link,data model
migration/output/content/posts/custom-preferences-in-sfcc.md,https://www.rhino-inquisitor.com/the-salesforce-b2c-commerce-cloud-environment/,/the-salesforce-b2c-commerce-cloud-environment/,rewrite,markdown-link,Salesforce B2C Commerce Cloud
migration/output/content/posts/custom-ttf-fonts-in-pdf-for-sfcc.md,https://www.rhino-inquisitor.com/mail-attachments-in-b2c-commerce-cloud/,/mail-attachments-in-b2c-commerce-cloud/,rewrite,markdown-link,How to send PDF files as attachments in e-mails
migration/output/content/posts/custom-ttf-fonts-in-pdf-for-sfcc.md,https://www.rhino-inquisitor.com/pdf-and-salesforce-commerce-cloud-b2c/,/pdf-and-salesforce-commerce-cloud-b2c/,rewrite,markdown-link,PDF Generation
migration/output/content/posts/digging-into-the-b2c-commerce-cloud-24-3-release.md,https://www.rhino-inquisitor.com/a-look-at-the-salesforce-b2c-commerce-cloud-24-2-release/,/a-look-at-the-salesforce-b2c-commerce-cloud-24-2-release/,rewrite,markdown-link,Read the 24.2 release notes
migration/output/content/posts/events-and-the-golden-hoodie.md,https://www.rhino-inquisitor.com/trailblazerdx-2022-for-b2c-commerce/,/trailblazerdx-2022-for-b2c-commerce/,rewrite,markdown-link,TrailblazerDX
migration/output/content/posts/everything-new-in-sfcc-23-4.md,https://www.rhino-inquisitor.com/salesforce-b2c-commerce-cloud-23-2/,/salesforce-b2c-commerce-cloud-23-2/,rewrite,markdown-link,released in February
migration/output/content/posts/everything-new-in-sfcc-23-4.md,https://www.rhino-inquisitor.com/salesforce-b2c-commerce-cloud-23-2/,/salesforce-b2c-commerce-cloud-23-2/,rewrite,markdown-link,working diligently
migration/output/content/posts/everything-new-in-sfcc-23-4.md,https://www.rhino-inquisitor.com/salesforce-b2c-commerce-cloud-23-3-release/,/salesforce-b2c-commerce-cloud-23-3-release/,rewrite,markdown-link,Read the 23.3 release notes
migration/output/content/posts/everything-new-in-sfcc-23-4.md,https://www.rhino-inquisitor.com/salesforce-b2c-commerce-cloud-23-3-release/,/salesforce-b2c-commerce-cloud-23-3-release/,rewrite,markdown-link,previous release
migration/output/content/posts/everything-new-in-sfcc-23-4.md,https://www.rhino-inquisitor.com/the-salesforce-b2c-commerce-cloud-environment/,/the-salesforce-b2c-commerce-cloud-environment/,rewrite,markdown-link,Salesforce B2C Commerce Cloud
migration/output/content/posts/fetching-data-in-a-locale-with-sfcc.md,https://www.rhino-inquisitor.com/creating-custom-ocapi-endpoints/,/creating-custom-ocapi-endpoints/,rewrite,markdown-link,a custom endpoint
migration/output/content/posts/fetching-data-in-a-locale-with-sfcc.md,https://www.rhino-inquisitor.com/how-to-use-ocapi-scapi-hooks/,/how-to-use-ocapi-scapi-hooks/,rewrite,markdown-link,OCAPI / SCAPI Hook
migration/output/content/posts/fetching-data-in-a-locale-with-sfcc.md,https://www.rhino-inquisitor.com/how-to-use-ocapi-scapi-hooks/,/how-to-use-ocapi-scapi-hooks/,rewrite,markdown-link,custom hooks
migration/output/content/posts/fetching-data-in-a-locale-with-sfcc.md,https://www.rhino-inquisitor.com/sitegenesis-vs-sfra-vs-pwa/,/sitegenesis-vs-sfra-vs-pwa/,rewrite,markdown-link,PWA Kit
migration/output/content/posts/fetching-data-in-a-locale-with-sfcc.md,https://www.rhino-inquisitor.com/the-salesforce-b2c-commerce-cloud-environment/,/the-salesforce-b2c-commerce-cloud-environment/,rewrite,markdown-link,built-in system to manage different aspects of the data
migration/output/content/posts/field-guide-to-custom-caches-in-sfcc.md,https://www.rhino-inquisitor.com/the-salesforce-b2c-commerce-cloud-environment/,/the-salesforce-b2c-commerce-cloud-environment/,rewrite,markdown-link,web server
migration/output/content/posts/field-guide-to-custom-caches-in-sfcc.md,https://www.rhino-inquisitor.com/third-party-api-caching-in-commerce-cloud/,/third-party-api-caching-in-commerce-cloud/,rewrite,markdown-link,using the ServiceRegistry for caching
migration/output/content/posts/field-guide-to-custom-caches-in-sfcc.md,https://www.rhino-inquisitor.com/third-party-api-caching-in-commerce-cloud/,/third-party-api-caching-in-commerce-cloud/,rewrite,markdown-link,another option
migration/output/content/posts/get-connected-at-salesforce-connections-2022.md,https://www.rhino-inquisitor.com/trailblazerdx-2022-for-b2c-commerce/,/trailblazerdx-2022-for-b2c-commerce/,rewrite,markdown-link,TrailblazerDX
migration/output/content/posts/getting-secured-with-the-24-5-salesforce-b2c-commerce-cloud-release.md,https://www.rhino-inquisitor.com/getting-to-know-the-sfcc-24-4-release/,/getting-to-know-the-sfcc-24-4-release/,rewrite,markdown-link,Read the 24.4 release notes
migration/output/content/posts/getting-to-know-sfra-as-a-developer.md,https://www.rhino-inquisitor.com/how-to-get-a-salesforce-b2c-commerce-cloud-sandbox,/how-to-get-a-salesforce-b2c-commerce-cloud-sandbox/,rewrite,markdown-link,in this guide to getting your sandbox
migration/output/content/posts/getting-to-know-sfra-as-a-developer.md,https://www.rhino-inquisitor.com/preparing-for-the-b2c-commerce-developer-certification/,/preparing-for-the-b2c-commerce-developer-certification/,rewrite,markdown-link,a comprehensive list of valuable topics to study
migration/output/content/posts/getting-to-know-sfra-as-a-developer.md,https://www.rhino-inquisitor.com/salesforce-b2c-commerce-cloud-documentation,/salesforce-b2c-commerce-cloud-documentation/,rewrite,markdown-link,a previous post
migration/output/content/posts/getting-to-know-the-sfcc-24-4-release.md,https://www.rhino-inquisitor.com/digging-into-the-b2c-commerce-cloud-24-3-release/,/digging-into-the-b2c-commerce-cloud-24-3-release/,rewrite,markdown-link,Read the 24.3 release notes
migration/output/content/posts/getting-to-know-the-sfcc-24-4-release.md,https://www.rhino-inquisitor.com/how-to-set-up-the-ecdn-in-sfcc-staging/,/how-to-set-up-the-ecdn-in-sfcc-staging/,rewrite,markdown-link,published my blog post
migration/output/content/posts/getting-to-know-the-sfcc-24-4-release.md,https://www.rhino-inquisitor.com/in-the-ring-ocapi-versus-scapi/,/in-the-ring-ocapi-versus-scapi/,rewrite,markdown-link,OCAPI
migration/output/content/posts/guide-to-the-getprops-method-in-sfcc.md,https://www.rhino-inquisitor.com/lets-go-live-seo/,/lets-go-live-seo/,rewrite,markdown-link,SEO
migration/output/content/posts/guide-to-the-getprops-method-in-sfcc.md,https://www.rhino-inquisitor.com/secure-coding-in-salesforce-b2c-commerce-cloud/,/secure-coding-in-salesforce-b2c-commerce-cloud/,rewrite,markdown-link,errors
migration/output/content/posts/helpful-salesforce-b2c-commerce-cloud-cartridges.md,https://www.rhino-inquisitor.com/community-repositories/,/community-repositories/,rewrite,markdown-link,a lot of cartridges like this
migration/output/content/posts/helpful-salesforce-b2c-commerce-cloud-cartridges.md,https://www.rhino-inquisitor.com/pdf-and-salesforce-commerce-cloud-b2c/,/pdf-and-salesforce-commerce-cloud-b2c/,rewrite,markdown-link,received an extensive blog post
migration/output/content/posts/helpful-salesforce-b2c-commerce-cloud-cartridges.md,https://www.rhino-inquisitor.com/slas-in-sfra-or-sitegenesis/,/slas-in-sfra-or-sitegenesis/,rewrite,markdown-link,I have covered this one extensively
migration/output/content/posts/helpful-salesforce-b2c-commerce-cloud-cartridges.md,https://www.rhino-inquisitor.com/wp-content/uploads/2022/04/page-designer-plus.png,/media/2022/page-designer-plus-9eedd5b72f.jpg,rewrite-media-wrapper,markdown-link,/media/2022/page-designer-plus-9eedd5b72f.jpg
migration/output/content/posts/helpful-salesforce-b2c-commerce-cloud-cli-tools.md,https://www.rhino-inquisitor.com/community-repositories/,/community-repositories/,rewrite,markdown-link,open-source solutions
migration/output/content/posts/how-to-get-a-salesforce-b2c-commerce-cloud-sandbox.md,https://www.rhino-inquisitor.com/the-state-of-ohana-for-salesforce-commerce-cloud/,/the-state-of-ohana-for-salesforce-commerce-cloud/,rewrite,markdown-link,difference in the community
migration/output/content/posts/how-to-get-salesforce-certification-vouchers.md,https://www.rhino-inquisitor.com/is-salesforce-certification-worth-it/,/is-salesforce-certification-worth-it/,rewrite,markdown-link,can be a valuable goal
migration/output/content/posts/how-to-load-client-side-javascript-and-css-in-sfra.md,https://www.rhino-inquisitor.com/sitegenesis-vs-sfra-vs-pwa/,/sitegenesis-vs-sfra-vs-pwa/,rewrite,markdown-link,SFRA
migration/output/content/posts/how-to-set-up-slas-for-the-composable-storefront.md,https://www.rhino-inquisitor.com/how-to-get-a-salesforce-b2c-commerce-cloud-sandbox/,/how-to-get-a-salesforce-b2c-commerce-cloud-sandbox/,rewrite,markdown-link,is described in a previous article
migration/output/content/posts/how-to-set-up-the-ecdn-in-sfcc-staging.md,https://www.rhino-inquisitor.com/lets-go-live-ecdn/,/lets-go-live-ecdn/,rewrite,markdown-link,Business Manager module
migration/output/content/posts/how-to-use-node-18-with-sfra.md,https://www.rhino-inquisitor.com/secure-coding-in-salesforce-b2c-commerce-cloud/,/secure-coding-in-salesforce-b2c-commerce-cloud/,rewrite,markdown-link,responsible developers
migration/output/content/posts/how-to-use-node-18-with-sfra.md,https://www.rhino-inquisitor.com/sitegenesis-vs-sfra-vs-pwa/,/sitegenesis-vs-sfra-vs-pwa/,rewrite,markdown-link,Composable Storefront
migration/output/content/posts/how-to-use-ocapi-scapi-hooks.md,https://www.rhino-inquisitor.com/caching-in-the-sfcc-composable-storefront/,/caching-in-the-sfcc-composable-storefront/,rewrite,markdown-link,Custom Caches
migration/output/content/posts/how-to-use-ocapi-scapi-hooks.md,https://www.rhino-inquisitor.com/creating-custom-ocapi-endpoints/,/creating-custom-ocapi-endpoints/,rewrite,markdown-link,SCAPI only
migration/output/content/posts/how-to-use-ocapi-scapi-hooks.md,https://www.rhino-inquisitor.com/server-side-performance-in-sfcc/,/server-side-performance-in-sfcc/,rewrite,markdown-link,Code Profiler
migration/output/content/posts/how-to-use-ocapi-scapi-hooks.md,https://www.rhino-inquisitor.com/sitegenesis-vs-sfra-vs-pwa/,/sitegenesis-vs-sfra-vs-pwa/,rewrite,markdown-link,headless
migration/output/content/posts/image-ine-sfcc-dis-for-developers.md,https://www.rhino-inquisitor.com/lets-go-live-ecdn/,/lets-go-live-ecdn/,rewrite,markdown-link,eCDN
migration/output/content/posts/image-ine-sfcc-dis-for-developers.md,https://www.rhino-inquisitor.com/lets-go-live-ecdn/,/lets-go-live-ecdn/,rewrite,markdown-link,Content Delivery Network
migration/output/content/posts/image-ine-sfcc-dis-for-developers.md,https://www.rhino-inquisitor.com/lets-go-live-ecdn/,/lets-go-live-ecdn/,rewrite,markdown-link,eCDN
migration/output/content/posts/image-ine-sfcc-dis-for-developers.md,https://www.rhino-inquisitor.com/wp-content/uploads/2025/07/dis-traffic-jam-scaled.jpeg,/media/2025/dis-traffic-jam-b798844f63.jpeg,rewrite-media,markdown-link,/media/2025/dis-traffic-jam-b798844f63.jpeg
migration/output/content/posts/image-ine-sfcc-dis-for-developers.md,https://www.rhino-inquisitor.com/wp-content/uploads/2025/07/sfcc-when-not-to-use-dis-scaled.jpeg,/media/2025/sfcc-when-not-to-use-dis-8b8b9ec0b1.jpeg,rewrite-media,markdown-link,/media/2025/sfcc-when-not-to-use-dis-8b8b9ec0b1.jpeg
migration/output/content/posts/in-the-ring-ocapi-versus-scapi.md,https://www.rhino-inquisitor.com/category/salesforce-commerce-cloud/release-notes/,/category/release-notes/,rewrite,markdown-link,new APIs
migration/output/content/posts/in-the-ring-ocapi-versus-scapi.md,https://www.rhino-inquisitor.com/how-to-set-up-slas-for-the-composable-storefront/,/how-to-set-up-slas-for-the-composable-storefront/,rewrite,markdown-link,SLAS
migration/output/content/posts/in-the-ring-ocapi-versus-scapi.md,https://www.rhino-inquisitor.com/how-to-use-ocapi-scapi-hooks/,/how-to-use-ocapi-scapi-hooks/,rewrite,markdown-link,hooks
migration/output/content/posts/in-the-ring-ocapi-versus-scapi.md,https://www.rhino-inquisitor.com/sitegenesis-vs-sfra-vs-pwa/,/sitegenesis-vs-sfra-vs-pwa/,rewrite,markdown-link,SFRA/SG
migration/output/content/posts/in-the-ring-ocapi-versus-scapi.md,https://www.rhino-inquisitor.com/the-move-from-sitegenesis-and-sfra-to-the-composable-storefront-as-a-developer/,/the-move-from-sitegenesis-and-sfra-to-the-composable-storefront-as-a-developer/,rewrite,markdown-link,Composable Storefront
migration/output/content/posts/in-the-ring-ocapi-versus-scapi.md,https://www.rhino-inquisitor.com/wp-content/uploads/2023/06/composable-storefront-architecture-scaled.jpg,/media/2023/composable-storefront-architecture-54fe68c81a.jpg,rewrite-media,markdown-link,/media/2023/composable-storefront-architecture-54fe68c81a.jpg
migration/output/content/posts/is-salesforce-certification-worth-it.md,https://www.rhino-inquisitor.com/category/salesforce-commerce-cloud/go-live/,/category/go-live/,rewrite,markdown-link,complexity of a real-life project
migration/output/content/posts/is-salesforce-certification-worth-it.md,https://www.rhino-inquisitor.com/certifications-for-salesforce-b2c-commerce-cloud/,/certifications-for-salesforce-b2c-commerce-cloud/,rewrite,markdown-link,certified professional
migration/output/content/posts/it-sure-has-been-quiet-on-this-blog.md,https://www.rhino-inquisitor.com/the-latest-in-sfcc-version-24-7/,/the-latest-in-sfcc-version-24-7/,rewrite,markdown-link,last blog post
migration/output/content/posts/kickstart-guide-for-new-sfcc-developers.md,https://www.rhino-inquisitor.com/a-beginners-guide-to-webdav-in-sfcc/,/a-beginners-guide-to-webdav-in-sfcc/,rewrite,markdown-link,Beginner's Guide to WebDAV
migration/output/content/posts/kickstart-guide-for-new-sfcc-developers.md,https://www.rhino-inquisitor.com/ai-wont-steal-your-sfcc-job-but-a-developer-using-ai-will/,/ai-wont-steal-your-sfcc-job-but-a-developer-using-ai-will/,rewrite,markdown-link,"AI won't steal your job, but a developer using AI will"
migration/output/content/posts/kickstart-guide-for-new-sfcc-developers.md,https://www.rhino-inquisitor.com/caching-in-the-sfcc-composable-storefront/,/caching-in-the-sfcc-composable-storefront/,rewrite,markdown-link,Caching in the Salesforce Composable Storefront
migration/output/content/posts/kickstart-guide-for-new-sfcc-developers.md,https://www.rhino-inquisitor.com/caching-rest-apis-in-sfcc/,/caching-rest-apis-in-sfcc/,rewrite,markdown-link,Leveraging Server-Side Caching to Improve SFCC REST API Speed
migration/output/content/posts/kickstart-guide-for-new-sfcc-developers.md,https://www.rhino-inquisitor.com/getting-to-know-sfra-as-a-developer/,/getting-to-know-sfra-as-a-developer/,rewrite,markdown-link,development
migration/output/content/posts/kickstart-guide-for-new-sfcc-developers.md,https://www.rhino-inquisitor.com/how-to-get-a-salesforce-b2c-commerce-cloud-sandbox/,/how-to-get-a-salesforce-b2c-commerce-cloud-sandbox/,rewrite,markdown-link,sandbox
migration/output/content/posts/kickstart-guide-for-new-sfcc-developers.md,https://www.rhino-inquisitor.com/how-to-get-a-salesforce-b2c-commerce-cloud-sandbox/,/how-to-get-a-salesforce-b2c-commerce-cloud-sandbox/,rewrite,markdown-link,getting a sandbox as a developer
migration/output/content/posts/kickstart-guide-for-new-sfcc-developers.md,https://www.rhino-inquisitor.com/how-to-load-client-side-javascript-and-css-in-sfra/,/how-to-load-client-side-javascript-and-css-in-sfra/,rewrite,markdown-link,how to load client-side JavaScript and CSS
migration/output/content/posts/kickstart-guide-for-new-sfcc-developers.md,https://www.rhino-inquisitor.com/how-to-load-client-side-javascript-and-css-in-sfra/,/how-to-load-client-side-javascript-and-css-in-sfra/,rewrite,markdown-link,loading client-side JavaScript and CSS in SFRA
migration/output/content/posts/kickstart-guide-for-new-sfcc-developers.md,https://www.rhino-inquisitor.com/image-ine-sfcc-dis-for-developers/,/image-ine-sfcc-dis-for-developers/,rewrite,markdown-link,Image-ine: Salesforce B2C Commerce Cloud DIS for Developers
migration/output/content/posts/kickstart-guide-for-new-sfcc-developers.md,https://www.rhino-inquisitor.com/lag-to-riches-a-pwa-kit-developers-guide/,/lag-to-riches-a-pwa-kit-developers-guide/,rewrite,markdown-link,From Lag to Riches: A PWA Kit Developer's Guide to Storefront Speed
migration/output/content/posts/kickstart-guide-for-new-sfcc-developers.md,https://www.rhino-inquisitor.com/leveraging-generic-mappings-in-sfcc/,/leveraging-generic-mappings-in-sfcc/,rewrite,markdown-link,Leveraging Generic Mappings for Efficient Data Integration
migration/output/content/posts/kickstart-guide-for-new-sfcc-developers.md,https://www.rhino-inquisitor.com/mastering-chunk-oriented-job-steps-in-salesforce-b2c-commerce-cloud/,/mastering-chunk-oriented-job-steps-in-salesforce-b2c-commerce-cloud/,rewrite,markdown-link,Mastering Chunk-Oriented Job Steps in Salesforce B2C Commerce Cloud
migration/output/content/posts/kickstart-guide-for-new-sfcc-developers.md,https://www.rhino-inquisitor.com/reflecting-on-2-years-of-blogging/,/reflecting-on-2-years-of-blogging/,rewrite,markdown-link,reflecting on my own journey with this blog
migration/output/content/posts/kickstart-guide-for-new-sfcc-developers.md,https://www.rhino-inquisitor.com/salesforce-b2c-commerce-cloud-content-erd/,/salesforce-b2c-commerce-cloud-content-erd/,rewrite,markdown-link,tools
migration/output/content/posts/kickstart-guide-for-new-sfcc-developers.md,https://www.rhino-inquisitor.com/sitegenesis-vs-sfra-vs-pwa/,/sitegenesis-vs-sfra-vs-pwa/,rewrite,markdown-link,scale
migration/output/content/posts/kickstart-guide-for-new-sfcc-developers.md,https://www.rhino-inquisitor.com/sitegenesis-vs-sfra-vs-pwa/,/sitegenesis-vs-sfra-vs-pwa/,rewrite,markdown-link,three
migration/output/content/posts/kickstart-guide-for-new-sfcc-developers.md,https://www.rhino-inquisitor.com/sitegenesis-vs-sfra-vs-pwa/,/sitegenesis-vs-sfra-vs-pwa/,rewrite,markdown-link,SiteGenesis vs SFRA vs PWA
migration/output/content/posts/kickstart-guide-for-new-sfcc-developers.md,https://www.rhino-inquisitor.com/the-journey-from-developer-to-architect/,/the-journey-from-developer-to-architect/,rewrite,markdown-link,the journey from developer to architect
migration/output/content/posts/kickstart-guide-for-new-sfcc-developers.md,https://www.rhino-inquisitor.com/the-move-from-sitegenesis-and-sfra-to-the-composable-storefront-as-a-developer/,/the-move-from-sitegenesis-and-sfra-to-the-composable-storefront-as-a-developer/,rewrite,markdown-link,the move from SiteGenesis and SFRA to the Composable Storefront.
migration/output/content/posts/kickstart-guide-for-new-sfcc-developers.md,https://www.rhino-inquisitor.com/three-things-to-secure-sfcc/,/three-things-to-secure-sfcc/,rewrite,markdown-link,Three things you can do today to secure your SFCC environment
migration/output/content/posts/kickstart-guide-for-new-sfcc-developers.md,https://www.rhino-inquisitor.com/understanding-sfcc-instances/,/understanding-sfcc-instances/,rewrite,markdown-link,SFCC environments
migration/output/content/posts/kickstart-guide-for-new-sfcc-developers.md,https://www.rhino-inquisitor.com/understanding-sfcc-instances/,/understanding-sfcc-instances/,rewrite,markdown-link,developers
migration/output/content/posts/kickstart-guide-for-new-sfcc-developers.md,https://www.rhino-inquisitor.com/where-to-start-when-you-are-new-to-salesforce-b2c-commerce-cloud-development/,/where-to-start-when-you-are-new-to-salesforce-b2c-commerce-cloud-development/,rewrite,markdown-link,I’ve written before about where to start your journey
migration/output/content/posts/kickstart-guide-for-new-sfcc-developers.md,https://www.rhino-inquisitor.com/why-circumventing-sfcc-quota-limits-is-a-bad-idea/,/why-circumventing-sfcc-quota-limits-is-a-bad-idea/,rewrite,markdown-link,Why Circumventing Salesforce B2C Commerce Cloud Quota Limits Is a Bad Idea
migration/output/content/posts/kickstart-guide-for-new-sfcc-developers.md,https://www.rhino-inquisitor.com/your-definitive-mobile-app-checklist/,/your-definitive-mobile-app-checklist/,rewrite,markdown-link,API clients
migration/output/content/posts/lag-to-riches-a-pwa-kit-developers-guide.md,https://www.rhino-inquisitor.com/caching-in-the-sfcc-composable-storefront/,/caching-in-the-sfcc-composable-storefront/,rewrite,markdown-link,cached
migration/output/content/posts/lag-to-riches-a-pwa-kit-developers-guide.md,https://www.rhino-inquisitor.com/wp-content/uploads/2025/06/spa-performance-bottlenecks-scaled.jpeg,/media/2025/spa-performance-bottlenecks-6d6a3a6a62.jpeg,rewrite-media,markdown-link,/media/2025/spa-performance-bottlenecks-6d6a3a6a62.jpeg
migration/output/content/posts/lag-to-riches-a-pwa-kit-developers-guide.md,https://www.rhino-inquisitor.com/wp-content/uploads/2025/06/taming-the-third-party-script-beast-scaled.jpeg,/media/2025/taming-the-third-party-script-beast-8cac515268.jpeg,rewrite-media,markdown-link,/media/2025/taming-the-third-party-script-beast-8cac515268.jpeg
migration/output/content/posts/lets-go-live-customer-migration.md,https://www.rhino-inquisitor.com/category/salesforce-commerce-cloud/go-live/,/category/go-live/,rewrite,markdown-link,a few parts down
migration/output/content/posts/lets-go-live-seo.md,https://www.rhino-inquisitor.com/category/salesforce-commerce-cloud/go-live/,/category/go-live/,rewrite,markdown-link,GO-LIVE series
migration/output/content/posts/leveraging-generic-mappings-in-sfcc.md,https://www.rhino-inquisitor.com/getting-to-know-sfra-as-a-developer/,/getting-to-know-sfra-as-a-developer/,rewrite,markdown-link,Salesforce B2C Commerce Cloud
migration/output/content/posts/life-is-about-choices.md,https://www.rhino-inquisitor.com/chasing-clouds-catching-up-with-the-commercecrew-at-dreamforce-2023/,/chasing-clouds-catching-up-with-the-commercecrew-at-dreamforce-2023/,rewrite,markdown-link,Dreamforce
migration/output/content/posts/life-is-about-choices.md,https://www.rhino-inquisitor.com/community-salesforce-events-and-commerce-cloud/,/community-salesforce-events-and-commerce-cloud/,rewrite,markdown-link,events
migration/output/content/posts/local-vs-shared-variation-attributes-sfcc.md,https://www.rhino-inquisitor.com/slicing-versus-variation-groups-in-sfcc/,/slicing-versus-variation-groups-in-sfcc/,rewrite,markdown-link,product variation
migration/output/content/posts/local-vs-shared-variation-attributes-sfcc.md,https://www.rhino-inquisitor.com/the-attribute-fallback-system-in-sfcc/,/the-attribute-fallback-system-in-sfcc/,rewrite,markdown-link,product variations
migration/output/content/posts/mail-attachments-in-b2c-commerce-cloud.md,https://www.rhino-inquisitor.com/pdf-and-salesforce-commerce-cloud-b2c/,/pdf-and-salesforce-commerce-cloud-b2c/,rewrite,markdown-link,On-the-fly generation of a file
migration/output/content/posts/mastering-sitemaps-in-sfcc.md,https://www.rhino-inquisitor.com/mastering-chunk-oriented-job-steps-in-salesforce-b2c-commerce-cloud/,/mastering-chunk-oriented-job-steps-in-salesforce-b2c-commerce-cloud/,rewrite,markdown-link,steptypes.json
migration/output/content/posts/navigating-dates-calendars-in-sfcc.md,https://www.rhino-inquisitor.com/the-salesforce-b2c-commerce-cloud-environment/,/the-salesforce-b2c-commerce-cloud-environment/,rewrite,markdown-link,Salesforce B2C Commerce Cloud
migration/output/content/posts/new-apis-and-features-for-a-headless-sfcc.md,https://www.rhino-inquisitor.com/category/salesforce-commerce-cloud/release-notes/,/category/release-notes/,rewrite,markdown-link,Salesforce B2C Commerce Cloud releases
migration/output/content/posts/new-apis-and-features-for-a-headless-sfcc.md,https://www.rhino-inquisitor.com/secure-coding-in-salesforce-b2c-commerce-cloud/,/secure-coding-in-salesforce-b2c-commerce-cloud/,rewrite,markdown-link,Content-Security-Policy
migration/output/content/posts/non-technical-sfcc-certifications.md,https://www.rhino-inquisitor.com/ai-einstein-in-salesforce-b2c-commerce-cloud/,/ai-einstein-in-salesforce-b2c-commerce-cloud/,rewrite,markdown-link,Einstein
migration/output/content/posts/non-technical-sfcc-certifications.md,https://www.rhino-inquisitor.com/certifications-for-salesforce-b2c-commerce-cloud/,/certifications-for-salesforce-b2c-commerce-cloud/,rewrite,markdown-link,gap
migration/output/content/posts/non-technical-sfcc-certifications.md,https://www.rhino-inquisitor.com/is-salesforce-certification-worth-it/,/is-salesforce-certification-worth-it/,rewrite,markdown-link,certifications
migration/output/content/posts/non-technical-sfcc-certifications.md,https://www.rhino-inquisitor.com/what-is-commerce-on-core/,/what-is-commerce-on-core/,rewrite,markdown-link,the world of tomorrow
migration/output/content/posts/pdf-and-salesforce-commerce-cloud-b2c.md,https://www.rhino-inquisitor.com/the-move-from-sitegenesis-and-sfra-to-the-composable-storefront-as-a-developer/,/the-move-from-sitegenesis-and-sfra-to-the-composable-storefront-as-a-developer/,rewrite,markdown-link,Composable Storefront
migration/output/content/posts/podcasts-for-salesforce-b2c-commerce-cloud.md,https://www.rhino-inquisitor.com/the-state-of-ohana-for-salesforce-commerce-cloud/,/the-state-of-ohana-for-salesforce-commerce-cloud/,rewrite,markdown-link,ecosystem has grown significantly over the years
migration/output/content/posts/preparing-for-the-b2c-commerce-developer-certification.md,https://www.rhino-inquisitor.com/getting-to-know-sfra-as-a-developer,/getting-to-know-sfra-as-a-developer/,rewrite,markdown-link,a previous blog post
migration/output/content/posts/real-time-inventory-checks-in-sfcc.md,https://www.rhino-inquisitor.com/third-party-api-caching-in-commerce-cloud/,/third-party-api-caching-in-commerce-cloud/,rewrite,markdown-link,the SFCC caching armoury
migration/output/content/posts/real-time-inventory-checks-in-sfcc.md,https://www.rhino-inquisitor.com/third-party-api-caching-in-commerce-cloud/,/third-party-api-caching-in-commerce-cloud/,rewrite,markdown-link,cached
migration/output/content/posts/real-time-inventory-checks-in-sfcc.md,https://www.rhino-inquisitor.com/what-is-oci-omnichannel-inventory/,/what-is-oci-omnichannel-inventory/,rewrite,markdown-link,an extensive article
migration/output/content/posts/reflecting-on-2-years-of-blogging.md,https://www.rhino-inquisitor.com/pdf-and-salesforce-commerce-cloud-b2c/,/pdf-and-salesforce-commerce-cloud-b2c/,rewrite,markdown-link,started
migration/output/content/posts/salesforce-b2c-commerce-cloud-22-10.md,https://www.rhino-inquisitor.com/salesforce-b2c-commerce-cloud-22-9-release/,/salesforce-b2c-commerce-cloud-22-9-release/,rewrite,markdown-link,Read the 22.9 release notes
migration/output/content/posts/salesforce-b2c-commerce-cloud-22-10.md,https://www.rhino-inquisitor.com/wp-content/uploads/2022/09/tiktok-bm-scaled.jpg,/media/2022/tiktok-bm-9172b705bb.jpg,rewrite-media,markdown-link,/media/2022/tiktok-bm-9172b705bb.jpg
migration/output/content/posts/salesforce-b2c-commerce-cloud-22-8.md,https://www.rhino-inquisitor.com/salesforce-b2c-commerce-cloud-the-22-7-release/,/salesforce-b2c-commerce-cloud-the-22-7-release/,rewrite,markdown-link,Read the 22.7 release notes
migration/output/content/posts/salesforce-b2c-commerce-cloud-22-8.md,https://www.rhino-inquisitor.com/wp-content/uploads/2022/07/1DA84B9D-7A51-4F6F-BCB0-B0217C4E5CB7-scaled.jpeg,/media/2022/1da84b9d-7a51-4f6f-bcb0-b0217c4e5cb7-bf0735587c.jpeg,rewrite-media-wrapper,markdown-link,/media/2022/1da84b9d-7a51-4f6f-bcb0-b0217c4e5cb7-bf0735587c.jpeg
migration/output/content/posts/salesforce-b2c-commerce-cloud-22-9-release.md,https://www.rhino-inquisitor.com/salesforce-b2c-commerce-cloud-22-8/,/salesforce-b2c-commerce-cloud-22-8/,rewrite,markdown-link,Read the 22.8 release notes
migration/output/content/posts/salesforce-b2c-commerce-cloud-23-1.md,https://www.rhino-inquisitor.com/salesforce-b2c-commerce-cloud-22-10/,/salesforce-b2c-commerce-cloud-22-10/,rewrite,markdown-link,Read the 22.10 release notes
migration/output/content/posts/salesforce-b2c-commerce-cloud-23-10-release-a-comprehensive-overview.md,https://www.rhino-inquisitor.com/a-look-at-the-23-9-commerce-cloud-release/,/a-look-at-the-23-9-commerce-cloud-release/,rewrite,markdown-link,Read the 23.9 release notes
migration/output/content/posts/salesforce-b2c-commerce-cloud-23-2.md,https://www.rhino-inquisitor.com/salesforce-b2c-commerce-cloud-23-1/,/salesforce-b2c-commerce-cloud-23-1/,rewrite,markdown-link,Read the 23.1 release notes
migration/output/content/posts/salesforce-b2c-commerce-cloud-23-2.md,https://www.rhino-inquisitor.com/what-is-the-ocapi-session-bridge/,/what-is-the-ocapi-session-bridge/,rewrite,markdown-link,session bridging
migration/output/content/posts/salesforce-b2c-commerce-cloud-catalog-erd.md,https://www.rhino-inquisitor.com/ai-einstein-in-salesforce-b2c-commerce-cloud/,/ai-einstein-in-salesforce-b2c-commerce-cloud/,rewrite,markdown-link,Einstein
migration/output/content/posts/salesforce-b2c-commerce-cloud-catalog-erd.md,https://www.rhino-inquisitor.com/category/salesforce-commerce-cloud/erd/,/category/erd/,rewrite,markdown-link,so keep an eye out
migration/output/content/posts/salesforce-b2c-commerce-cloud-catalog-erd.md,https://www.rhino-inquisitor.com/tag/erd/,,remove-orphan,markdown-link,list
migration/output/content/posts/salesforce-b2c-commerce-cloud-catalog-erd.md,https://www.rhino-inquisitor.com/the-salesforce-b2c-commerce-cloud-environment/,/the-salesforce-b2c-commerce-cloud-environment/,rewrite,markdown-link,Salesforce B2C Commerce Cloud
migration/output/content/posts/salesforce-b2c-commerce-cloud-content-erd.md,https://www.rhino-inquisitor.com/category/salesforce-commerce-cloud/erd/,/category/erd/,rewrite,markdown-link,so keep an eye out
migration/output/content/posts/salesforce-b2c-commerce-cloud-content-erd.md,https://www.rhino-inquisitor.com/tag/erd/,,remove-orphan,markdown-link,list
migration/output/content/posts/salesforce-b2c-commerce-cloud-content-erd.md,https://www.rhino-inquisitor.com/the-salesforce-b2c-commerce-cloud-environment/,/the-salesforce-b2c-commerce-cloud-environment/,rewrite,markdown-link,Salesforce B2C Commerce Cloud
migration/output/content/posts/salesforce-b2c-commerce-cloud-customer-erd.md,https://www.rhino-inquisitor.com/category/salesforce-commerce-cloud/erd/,/category/erd/,rewrite,markdown-link,The diagrams for those sections will follow in the coming weeks.
migration/output/content/posts/salesforce-b2c-commerce-cloud-customer-erd.md,https://www.rhino-inquisitor.com/category/salesforce-commerce-cloud/erd/,/category/erd/,rewrite,markdown-link,so keep an eye out
migration/output/content/posts/salesforce-b2c-commerce-cloud-customer-erd.md,https://www.rhino-inquisitor.com/tag/erd/,,remove-orphan,markdown-link,list
migration/output/content/posts/salesforce-b2c-commerce-cloud-customer-erd.md,https://www.rhino-inquisitor.com/the-salesforce-b2c-commerce-cloud-environment/,/the-salesforce-b2c-commerce-cloud-environment/,rewrite,markdown-link,SFCC
migration/output/content/posts/salesforce-b2c-commerce-cloud-governance-and-quotas.md,https://www.rhino-inquisitor.com/the-salesforce-b2c-commerce-cloud-environment/,/the-salesforce-b2c-commerce-cloud-environment/,rewrite,markdown-link,different levels within the Salesforce B2C Commerce Cloud's stack
migration/output/content/posts/salesforce-b2c-commerce-cloud-governance-and-quotas.md,https://www.rhino-inquisitor.com/where-is-the-new-sfcc-documentation/,/where-is-the-new-sfcc-documentation/,rewrite,markdown-link,scattered
migration/output/content/posts/salesforce-b2c-commerce-cloud-november-2022-updates.md,https://www.rhino-inquisitor.com/category/salesforce-commerce-cloud/release-notes/,/category/release-notes/,rewrite,markdown-link,releases
migration/output/content/posts/salesforce-b2c-commerce-cloud-november-2022-updates.md,https://www.rhino-inquisitor.com/salesforce-b2c-commerce-cloud-october-updates/,/salesforce-b2c-commerce-cloud-october-updates/,rewrite,markdown-link,last release notes post
migration/output/content/posts/salesforce-b2c-commerce-cloud-october-updates.md,https://www.rhino-inquisitor.com/salesforce-b2c-commerce-cloud-22-10/,/salesforce-b2c-commerce-cloud-22-10/,rewrite,markdown-link,22.10
migration/output/content/posts/salesforce-b2c-commerce-cloud-october-updates.md,https://www.rhino-inquisitor.com/slas-in-sfra-or-sitegenesis/,/slas-in-sfra-or-sitegenesis/,rewrite,markdown-link,Shopper Login API
migration/output/content/posts/salesforce-b2c-commerce-cloud-the-22-7-release.md,https://www.rhino-inquisitor.com/community-repositories/,/community-repositories/,rewrite,markdown-link,Salesforce and Community cartridges
migration/output/content/posts/salesforce-b2c-commerce-cloud-the-22-7-release.md,https://www.rhino-inquisitor.com/get-connected-at-salesforce-connections-2022/,/get-connected-at-salesforce-connections-2022/,rewrite,markdown-link,Connections '22
migration/output/content/posts/salesforce-b2c-commerce-cloud-the-22-7-release.md,https://www.rhino-inquisitor.com/salesforce-b2c-commerce-the-22-5-release/,/salesforce-b2c-commerce-the-22-5-release/,rewrite,markdown-link,22.5 release
migration/output/content/posts/salesforce-b2c-commerce-cloud-the-22-7-release.md,https://www.rhino-inquisitor.com/salesforce-b2c-commerce-the-22-6-release/,/salesforce-b2c-commerce-the-22-6-release/,rewrite,markdown-link,Read the 22.6 release notes
migration/output/content/posts/salesforce-b2c-commerce-cloud-the-22-7-release.md,https://www.rhino-inquisitor.com/wp-content/uploads/2022/06/social-commerce-salesforce-scaled.jpg,/media/2022/social-commerce-salesforce-a88048dff4.jpg,rewrite-media,markdown-link,/media/2022/social-commerce-salesforce-a88048dff4.jpg
migration/output/content/posts/salesforce-b2c-commerce-the-22-5-release.md,https://www.rhino-inquisitor.com/b2c-commerce-whats-new-in-22-4/,/b2c-commerce-whats-new-in-22-4/,rewrite,markdown-link,Read the 22.4 release notes
migration/output/content/posts/salesforce-b2c-commerce-the-22-5-release.md,https://www.rhino-inquisitor.com/the-state-of-ohana-for-salesforce-commerce-cloud/,/the-state-of-ohana-for-salesforce-commerce-cloud/,rewrite,markdown-link,Salesforce Ohana
migration/output/content/posts/salesforce-b2c-commerce-the-22-6-release.md,https://www.rhino-inquisitor.com/category/salesforce-commerce-cloud/release-notes/,/category/release-notes/,rewrite,markdown-link,release notes
migration/output/content/posts/salesforce-commerce-cloud-products.md,https://www.rhino-inquisitor.com/salesforce-payments-experience-explained/,/salesforce-payments-experience-explained/,rewrite,markdown-link,Salesforce Payments
migration/output/content/posts/salesforce-commerce-cloud-products.md,https://www.rhino-inquisitor.com/sitegenesis-vs-sfra-vs-pwa/,/sitegenesis-vs-sfra-vs-pwa/,rewrite,markdown-link,in an earlier article
migration/output/content/posts/salesforce-commerce-cloud-products.md,https://www.rhino-inquisitor.com/the-salesforce-b2c-commerce-cloud-environment/,/the-salesforce-b2c-commerce-cloud-environment/,rewrite,markdown-link,Salesforce B2C Commerce Cloud
migration/output/content/posts/salesforce-commerce-cloud-products.md,https://www.rhino-inquisitor.com/what-is-oci-omnichannel-inventory/,/what-is-oci-omnichannel-inventory/,rewrite,markdown-link,already released a different article that digs into those details
migration/output/content/posts/salesforce-connections-2024-and-sfcc.md,https://www.rhino-inquisitor.com/events-and-the-golden-hoodie/,/events-and-the-golden-hoodie/,rewrite,markdown-link,awarded my Golden Hoodie
migration/output/content/posts/salesforce-payments-experience-explained.md,https://www.rhino-inquisitor.com/everything-new-in-sfcc-23-4/,/everything-new-in-sfcc-23-4/,rewrite,markdown-link,23.4 - Extend Payment Processing with Salesforce Payment APIs
migration/output/content/posts/salesforce-payments-experience-explained.md,https://www.rhino-inquisitor.com/salesforce-b2c-commerce-cloud-22-9-release/,/salesforce-b2c-commerce-cloud-22-9-release/,rewrite,markdown-link,22.7 - AfterPay and Venmo added to Salesforce Payments
migration/output/content/posts/salesforce-payments-experience-explained.md,https://www.rhino-inquisitor.com/salesforce-b2c-commerce-cloud-23-1/,/salesforce-b2c-commerce-cloud-23-1/,rewrite,markdown-link,23.1 - Orders from Stored Information with Salesforce Payments
migration/output/content/posts/salesforce-payments-experience-explained.md,https://www.rhino-inquisitor.com/salesforce-b2c-commerce-cloud-23-2/,/salesforce-b2c-commerce-cloud-23-2/,rewrite,markdown-link,23.2 - Set Up Payments for Immediate or Future Payment Capture
migration/output/content/posts/salesforce-payments-experience-explained.md,https://www.rhino-inquisitor.com/salesforce-b2c-commerce-cloud-23-3-release/,/salesforce-b2c-commerce-cloud-23-3-release/,rewrite,markdown-link,23.3 - Buy Now Items Get Their Own Cart
migration/output/content/posts/salesforce-payments-experience-explained.md,https://www.rhino-inquisitor.com/sitegenesis-vs-sfra-vs-pwa/,/sitegenesis-vs-sfra-vs-pwa/,rewrite,markdown-link,"PWA Kit,"
migration/output/content/posts/salesforce-payments-experience-explained.md,https://www.rhino-inquisitor.com/the-salesforce-b2c-commerce-cloud-environment/,/the-salesforce-b2c-commerce-cloud-environment/,rewrite,markdown-link,Commerce Cloud
migration/output/content/posts/sending-emails-from-sfcc.md,https://www.rhino-inquisitor.com/how-to-use-ocapi-scapi-hooks/,/how-to-use-ocapi-scapi-hooks/,rewrite,markdown-link,hook
migration/output/content/posts/sending-emails-from-sfcc.md,https://www.rhino-inquisitor.com/in-the-ring-ocapi-versus-scapi/,/in-the-ring-ocapi-versus-scapi/,rewrite,markdown-link,custom API
migration/output/content/posts/sending-emails-from-sfcc.md,https://www.rhino-inquisitor.com/mail-attachments-in-b2c-commerce-cloud/,/mail-attachments-in-b2c-commerce-cloud/,rewrite,markdown-link,How to send PDFs as attachments
migration/output/content/posts/server-side-performance-in-sfcc.md,https://www.rhino-inquisitor.com/caching-rest-apis-in-sfcc/,/caching-rest-apis-in-sfcc/,rewrite,markdown-link,performance
migration/output/content/posts/server-side-performance-in-sfcc.md,https://www.rhino-inquisitor.com/field-guide-to-custom-caches-in-sfcc/,/field-guide-to-custom-caches-in-sfcc/,rewrite,markdown-link,time to read up
migration/output/content/posts/server-side-performance-in-sfcc.md,https://www.rhino-inquisitor.com/the-salesforce-b2c-commerce-cloud-environment/,/the-salesforce-b2c-commerce-cloud-environment/,rewrite,markdown-link,Salesforce B2C Commerce Cloud
migration/output/content/posts/sfcc-24-1-release-a-new-year-update.md,https://www.rhino-inquisitor.com/salesforce-b2c-commerce-cloud-23-10-release-a-comprehensive-overview/,/salesforce-b2c-commerce-cloud-23-10-release-a-comprehensive-overview/,rewrite,markdown-link,Read the 23.10 release notes
migration/output/content/posts/sfcc-basket-order-erd.md,https://www.rhino-inquisitor.com/salesforce-b2c-commerce-cloud-erd/,/salesforce-b2c-commerce-cloud-erd/,rewrite,markdown-link,ERD overview page
migration/output/content/posts/sfcc-basket-order-erd.md,https://www.rhino-inquisitor.com/salesforce-b2c-commerce-cloud-erd/,/salesforce-b2c-commerce-cloud-erd/,rewrite,markdown-link,the ERD overview page
migration/output/content/posts/sfcc-basket-order-erd.md,https://www.rhino-inquisitor.com/salesforce-b2c-commerce-cloud-erd/,/salesforce-b2c-commerce-cloud-erd/,rewrite,markdown-link,there on the ERD overview page
migration/output/content/posts/sfcc-basket-order-erd.md,https://www.rhino-inquisitor.com/the-salesforce-b2c-commerce-cloud-environment/,/the-salesforce-b2c-commerce-cloud-environment/,rewrite,markdown-link,Salesforce B2C Commerce Cloud
migration/output/content/posts/sfcc-introduction.md,https://www.rhino-inquisitor.com/how-to-get-a-salesforce-b2c-commerce-cloud-sandbox/,/how-to-get-a-salesforce-b2c-commerce-cloud-sandbox/,rewrite,markdown-link,Getting a sandbox
migration/output/content/posts/sfcc-url-cracking-the-code.md,https://www.rhino-inquisitor.com/the-salesforce-b2c-commerce-cloud-environment/,/the-salesforce-b2c-commerce-cloud-environment/,rewrite,markdown-link,Salesforce B2C Commerce Cloud
migration/output/content/posts/sfcc-url-cracking-the-code.md,https://www.rhino-inquisitor.com/what-does-the-composable-storefront-mean-for-sfcc-developers/,/what-does-the-composable-storefront-mean-for-sfcc-developers/,rewrite,markdown-link,in an SFCC controller and React using the useLocation() hook
migration/output/content/posts/should-i-get-javascript-developer-i-certified.md,https://www.rhino-inquisitor.com/what-does-the-composable-storefront-mean-for-sfcc-developers/,/what-does-the-composable-storefront-mean-for-sfcc-developers/,rewrite,markdown-link,Composable Storefront
migration/output/content/posts/should-i-use-sfra-rest-endpoints-in-a-composable-storefront.md,https://www.rhino-inquisitor.com/creating-custom-ocapi-endpoints/,/creating-custom-ocapi-endpoints/,rewrite,markdown-link,custom OCAPI endpoints
migration/output/content/posts/should-i-use-sfra-rest-endpoints-in-a-composable-storefront.md,https://www.rhino-inquisitor.com/how-to-set-up-slas-for-the-composable-storefront/,/how-to-set-up-slas-for-the-composable-storefront/,rewrite,markdown-link,SLAS
migration/output/content/posts/should-i-use-sfra-rest-endpoints-in-a-composable-storefront.md,https://www.rhino-inquisitor.com/sitegenesis-vs-sfra-vs-pwa/,/sitegenesis-vs-sfra-vs-pwa/,rewrite,markdown-link,SFRA
migration/output/content/posts/slas-in-sfra-or-sitegenesis.md,https://www.rhino-inquisitor.com/sitegenesis-vs-sfra-vs-pwa/,/sitegenesis-vs-sfra-vs-pwa/,rewrite,markdown-link,PWA Kit
migration/output/content/posts/slicing-versus-variation-groups-in-sfcc.md,https://www.rhino-inquisitor.com/getting-to-know-sfra-as-a-developer/,/getting-to-know-sfra-as-a-developer/,rewrite,markdown-link,we must grasp the organisational tools at our disposal
migration/output/content/posts/storefront-protection-in-the-pwa-kit.md,https://www.rhino-inquisitor.com/sitegenesis-vs-sfra-vs-pwa/,/sitegenesis-vs-sfra-vs-pwa/,rewrite,markdown-link,Composable Storefront
migration/output/content/posts/storefront-protection-in-the-pwa-kit.md,https://www.rhino-inquisitor.com/the-move-from-sitegenesis-and-sfra-to-the-composable-storefront-as-a-developer/,/the-move-from-sitegenesis-and-sfra-to-the-composable-storefront-as-a-developer/,rewrite,markdown-link,SiteGenesis and SFRA
migration/output/content/posts/submitting-a-file-to-a-third-party-service-in-sfcc.md,https://www.rhino-inquisitor.com/submit-multipart-form-data-to-a-third-party-service-in-sfcc/,/submit-multipart-form-data-to-a-third-party-service-in-sfcc/,rewrite,markdown-link,separate article is available
migration/output/content/posts/taming-the-beast-a-developers-deep-dive-into-sfcc-meta-tag-rules.md,https://www.rhino-inquisitor.com/in-the-ring-ocapi-versus-scapi/,/in-the-ring-ocapi-versus-scapi/,rewrite,markdown-link,SCAPI
migration/output/content/posts/taming-the-beast-a-developers-deep-dive-into-sfcc-meta-tag-rules.md,https://www.rhino-inquisitor.com/wp-content/uploads/2025/08/page-meta-tag-rules-sfcc-preview-scaled.png,/media/2025/page-meta-tag-rules-sfcc-preview-8796961d9d.png,rewrite-media,markdown-link,/media/2025/page-meta-tag-rules-sfcc-preview-8796961d9d.png
migration/output/content/posts/taming-the-beast-a-developers-deep-dive-into-sfcc-meta-tag-rules.md,https://www.rhino-inquisitor.com/wp-content/uploads/2025/08/syntax-cheat-sheet-rosetta-stone-scaled.jpeg,/media/2025/syntax-cheat-sheet-rosetta-stone-683e787325.jpeg,rewrite-media,markdown-link,/media/2025/syntax-cheat-sheet-rosetta-stone-683e787325.jpeg
migration/output/content/posts/the-attribute-fallback-system-in-sfcc.md,https://www.rhino-inquisitor.com/slicing-versus-variation-groups-in-sfcc/,/slicing-versus-variation-groups-in-sfcc/,rewrite,markdown-link,variation
migration/output/content/posts/the-attribute-fallback-system-in-sfcc.md,https://www.rhino-inquisitor.com/slicing-versus-variation-groups-in-sfcc/,/slicing-versus-variation-groups-in-sfcc/,rewrite,markdown-link,In a previous article
migration/output/content/posts/the-attribute-fallback-system-in-sfcc.md,https://www.rhino-inquisitor.com/understanding-locale-fallback-in-sfcc/,/understanding-locale-fallback-in-sfcc/,rewrite,markdown-link,locale fallback
migration/output/content/posts/the-b2c-commerce-architect-certification.md,https://www.rhino-inquisitor.com/ai-einstein-in-salesforce-b2c-commerce-cloud/,/ai-einstein-in-salesforce-b2c-commerce-cloud/,rewrite,markdown-link,AI (Einstein) in Salesforce B2C Commerce Cloud
migration/output/content/posts/the-b2c-commerce-architect-certification.md,https://www.rhino-inquisitor.com/caching-rest-apis-in-sfcc/,/caching-rest-apis-in-sfcc/,rewrite,markdown-link,Leveraging Server-Side Caching to Improve SFCC REST API Speed
migration/output/content/posts/the-b2c-commerce-architect-certification.md,https://www.rhino-inquisitor.com/delta-exports-in-salesforce-b2c-commerce-cloud/,/delta-exports-in-salesforce-b2c-commerce-cloud/,rewrite,markdown-link,Delta exports in Salesforce B2C Commerce Cloud
migration/output/content/posts/the-b2c-commerce-architect-certification.md,https://www.rhino-inquisitor.com/how-to-change-the-code-compatibility-mode-in-salesforce-b2c-commerce-cloud/,/how-to-change-the-code-compatibility-mode-in-salesforce-b2c-commerce-cloud/,rewrite,markdown-link,How to change the code Compatibility Mode in Salesforce B2C Commerce Cloud
migration/output/content/posts/the-b2c-commerce-architect-certification.md,https://www.rhino-inquisitor.com/how-to-set-up-the-ecdn-for-staging-in-salesforce-b2c-commerce-cloud/,/how-to-set-up-the-ecdn-in-sfcc-staging/,rewrite,markdown-link,How to set up the eCDN for Staging in Salesforce B2C Commerce Cloud
migration/output/content/posts/the-b2c-commerce-architect-certification.md,https://www.rhino-inquisitor.com/how-to-use-ocapi-scapi-hooks/,/how-to-use-ocapi-scapi-hooks/,rewrite,markdown-link,How to use OCAPI/SCAPI hooks
migration/output/content/posts/the-b2c-commerce-architect-certification.md,https://www.rhino-inquisitor.com/lets-go-live-customer-migration/,/lets-go-live-customer-migration/,rewrite,markdown-link,Let’s GO-LIVE: Customer Migration
migration/output/content/posts/the-b2c-commerce-architect-certification.md,https://www.rhino-inquisitor.com/lets-go-live-ecdn/,/lets-go-live-ecdn/,rewrite,markdown-link,Let’s GO-LIVE: eCDN
migration/output/content/posts/the-b2c-commerce-architect-certification.md,https://www.rhino-inquisitor.com/lets-go-live-seo/,/lets-go-live-seo/,rewrite,markdown-link,Let’s GO-LIVE: SEO
migration/output/content/posts/the-b2c-commerce-architect-certification.md,https://www.rhino-inquisitor.com/salesforce-b2c-commerce-cloud-erd/,/salesforce-b2c-commerce-cloud-erd/,rewrite,markdown-link,The Salesforce B2C Commerce Cloud Entity-Relationship model explained
migration/output/content/posts/the-b2c-commerce-architect-certification.md,https://www.rhino-inquisitor.com/salesforce-payments-experience-explained/,/salesforce-payments-experience-explained/,rewrite,markdown-link,Salesforce (Commerce) Payments: Payment Integration Simplified
migration/output/content/posts/the-b2c-commerce-architect-certification.md,https://www.rhino-inquisitor.com/secure-coding-in-salesforce-b2c-commerce-cloud/,/secure-coding-in-salesforce-b2c-commerce-cloud/,rewrite,markdown-link,Secure Coding in Salesforce B2C Commerce Cloud
migration/output/content/posts/the-b2c-commerce-architect-certification.md,https://www.rhino-inquisitor.com/submitting-a-file-to-a-third-party-service-in-sfcc/,/submitting-a-file-to-a-third-party-service-in-sfcc/,rewrite,markdown-link,Submitting a file to a third party service in SFCC
migration/output/content/posts/the-b2c-commerce-architect-certification.md,https://www.rhino-inquisitor.com/the-salesforce-b2c-commerce-cloud-environment/,/the-salesforce-b2c-commerce-cloud-environment/,rewrite,markdown-link,knowledge of the platform
migration/output/content/posts/the-b2c-commerce-architect-certification.md,https://www.rhino-inquisitor.com/the-salesforce-b2c-commerce-cloud-environment/,/the-salesforce-b2c-commerce-cloud-environment/,rewrite,markdown-link,Let’s GO-LIVE: The Salesforce B2C Commerce Cloud Environment
migration/output/content/posts/the-b2c-commerce-architect-certification.md,https://www.rhino-inquisitor.com/what-is-oci-omnichannel-inventory/,/what-is-oci-omnichannel-inventory/,rewrite,markdown-link,What is OCI (Omnichannel Inventory)
migration/output/content/posts/the-b2c-commerce-architect-certification.md,https://www.rhino-inquisitor.com/what-is-the-ocapi-session-bridge/,/what-is-the-ocapi-session-bridge/,rewrite,markdown-link,What is the OCAPI session bridge?
migration/output/content/posts/the-createorders-api-in-sfcc.md,https://www.rhino-inquisitor.com/how-to-set-up-slas-for-the-composable-storefront/,/how-to-set-up-slas-for-the-composable-storefront/,rewrite,markdown-link,which I explain in a different post
migration/output/content/posts/the-importance-of-origin-shielding.md,https://www.rhino-inquisitor.com/a-look-back-at-origin-shielding/,/a-look-back-at-origin-shielding/,rewrite,markdown-link,many projects still encountered unexpected disconnections from third-party services
migration/output/content/posts/the-importance-of-origin-shielding.md,https://www.rhino-inquisitor.com/lets-go-live-ecdn/,/lets-go-live-ecdn/,rewrite,markdown-link,and configured in the eCDN itself
migration/output/content/posts/the-journey-from-developer-to-architect.md,https://www.rhino-inquisitor.com/what-skills-do-i-need-as-a-sfcc-architect/,/what-skills-do-i-need-as-a-sfcc-architect/,rewrite,markdown-link,architect
migration/output/content/posts/the-latest-in-sfcc-version-24-7.md,https://www.rhino-inquisitor.com/what-is-new-in-sfcc-24-6/,/what-is-new-in-sfcc-24-6/,rewrite,markdown-link,Read the 24.6 release notes
migration/output/content/posts/the-move-from-on-site-to-remote.md,https://www.rhino-inquisitor.com/community-salesforce-events-and-commerce-cloud/,/community-salesforce-events-and-commerce-cloud/,rewrite,markdown-link,Events are back!
migration/output/content/posts/the-move-from-sitegenesis-and-sfra-to-the-composable-storefront-as-a-developer.md,https://www.rhino-inquisitor.com/how-to-set-up-slas-for-the-composable-storefront/,/how-to-set-up-slas-for-the-composable-storefront/,rewrite,markdown-link,How to set up SLAS
migration/output/content/posts/the-move-from-sitegenesis-and-sfra-to-the-composable-storefront-as-a-developer.md,https://www.rhino-inquisitor.com/how-to-use-ocapi-scapi-hooks/,/how-to-use-ocapi-scapi-hooks/,rewrite,markdown-link,How to use OCAPI/SCAPI Hooks
migration/output/content/posts/the-move-from-sitegenesis-and-sfra-to-the-composable-storefront-as-a-developer.md,https://www.rhino-inquisitor.com/should-i-get-javascript-developer-i-certified/,/should-i-get-javascript-developer-i-certified/,rewrite,markdown-link,JavaScript Developer I
migration/output/content/posts/the-move-from-sitegenesis-and-sfra-to-the-composable-storefront-as-a-developer.md,https://www.rhino-inquisitor.com/sitegenesis-vs-sfra-vs-pwa/,/sitegenesis-vs-sfra-vs-pwa/,rewrite,markdown-link,One option
migration/output/content/posts/the-move-from-sitegenesis-and-sfra-to-the-composable-storefront-as-a-developer.md,https://www.rhino-inquisitor.com/sitegenesis-vs-sfra-vs-pwa/,/sitegenesis-vs-sfra-vs-pwa/,rewrite,markdown-link,Salesforce Commerce Cloud platform
migration/output/content/posts/the-move-from-sitegenesis-and-sfra-to-the-composable-storefront-as-a-developer.md,https://www.rhino-inquisitor.com/the-b2c-commerce-architect-certification/,/the-b2c-commerce-architect-certification/,rewrite,markdown-link,understanding
migration/output/content/posts/the-move-from-sitegenesis-and-sfra-to-the-composable-storefront-as-a-developer.md,https://www.rhino-inquisitor.com/the-salesforce-b2c-commerce-cloud-environment/,/the-salesforce-b2c-commerce-cloud-environment/,rewrite,markdown-link,The SFCC Environment
migration/output/content/posts/the-move-from-sitegenesis-and-sfra-to-the-composable-storefront-as-a-developer.md,https://www.rhino-inquisitor.com/what-is-the-ocapi-session-bridge/,/what-is-the-ocapi-session-bridge/,rewrite,markdown-link,What is the OCAPI Session Bridge
migration/output/content/posts/the-realm-split-field-guide-to-migrating-an-sfcc-site.md,https://www.rhino-inquisitor.com/the-salesforce-b2c-commerce-cloud-environment/,/the-salesforce-b2c-commerce-cloud-environment/,rewrite,markdown-link,infrastructure
migration/output/content/posts/the-request-body-in-an-sfcc-controller.md,https://www.rhino-inquisitor.com/creating-custom-ocapi-endpoints/,/creating-custom-ocapi-endpoints/,rewrite,markdown-link,Custom endpoints
migration/output/content/posts/the-salesforce-b2c-commerce-cloud-environment.md,https://www.rhino-inquisitor.com/?s=ocapi,,remove-orphan,markdown-link,Open Commerce API
migration/output/content/posts/the-salesforce-b2c-commerce-cloud-environment.md,https://www.rhino-inquisitor.com/category/salesforce-commerce-cloud/go-live/,/category/go-live/,rewrite,markdown-link,GO-LIVE series
migration/output/content/posts/the-salesforce-b2c-commerce-cloud-environment.md,https://www.rhino-inquisitor.com/lets-go-live-ecdn/,/lets-go-live-ecdn/,rewrite,markdown-link,eCDN
migration/output/content/posts/the-salesforce-b2c-commerce-cloud-environment.md,https://www.rhino-inquisitor.com/sitegenesis-vs-sfra-vs-pwa/,/sitegenesis-vs-sfra-vs-pwa/,rewrite,markdown-link,SFRA or SiteGenesis
migration/output/content/posts/the-salesforce-b2c-commerce-cloud-environment.md,https://www.rhino-inquisitor.com/sitegenesis-vs-sfra-vs-pwa/,/sitegenesis-vs-sfra-vs-pwa/,rewrite,markdown-link,Headless Storefront needs
migration/output/content/posts/the-sfcc-guide-to-finding-pod-numbers.md,https://www.rhino-inquisitor.com/the-salesforce-b2c-commerce-cloud-environment/,/the-salesforce-b2c-commerce-cloud-environment/,rewrite,markdown-link,what
migration/output/content/posts/the-sunsetting-of-arc300-architect-b2c-commerce-solutions.md,https://www.rhino-inquisitor.com/the-b2c-commerce-architect-certification/,/the-b2c-commerce-architect-certification/,rewrite,markdown-link,own blog
migration/output/content/posts/third-party-api-caching-in-commerce-cloud.md,https://www.rhino-inquisitor.com/caching-in-the-sfcc-composable-storefront/,/caching-in-the-sfcc-composable-storefront/,rewrite,markdown-link,caching
migration/output/content/posts/third-party-api-caching-in-commerce-cloud.md,https://www.rhino-inquisitor.com/caching-rest-apis-in-sfcc/,/caching-rest-apis-in-sfcc/,rewrite,markdown-link,Caching
migration/output/content/posts/third-party-api-caching-in-commerce-cloud.md,https://www.rhino-inquisitor.com/submitting-a-file-to-a-third-party-service-in-sfcc/,/submitting-a-file-to-a-third-party-service-in-sfcc/,rewrite,markdown-link,submitting files
migration/output/content/posts/three-things-to-secure-sfcc.md,https://www.rhino-inquisitor.com/a-beginners-guide-to-webdav-in-sfcc/,/a-beginners-guide-to-webdav-in-sfcc/,rewrite,markdown-link,WebDAV
migration/output/content/posts/three-things-to-secure-sfcc.md,https://www.rhino-inquisitor.com/secure-coding-in-salesforce-b2c-commerce-cloud/,/secure-coding-in-salesforce-b2c-commerce-cloud/,rewrite,markdown-link,an extensive article about security best practices
migration/output/content/posts/three-things-to-secure-sfcc.md,https://www.rhino-inquisitor.com/the-salesforce-b2c-commerce-cloud-environment/,/the-salesforce-b2c-commerce-cloud-environment/,rewrite,markdown-link,Salesforce Commerce Cloud
migration/output/content/posts/understanding-locale-fallback-in-sfcc.md,https://www.rhino-inquisitor.com/fetching-data-in-a-locale-with-sfcc/,/fetching-data-in-a-locale-with-sfcc/,rewrite,markdown-link,workarounds
migration/output/content/posts/understanding-sfcc-instances.md,https://www.rhino-inquisitor.com/a-look-back-at-origin-shielding/,/a-look-back-at-origin-shielding/,rewrite,markdown-link,Salesforce makes crucial decisions on this infrastructure
migration/output/content/posts/understanding-sfcc-instances.md,https://www.rhino-inquisitor.com/how-to-set-up-the-ecdn-for-staging-in-salesforce-b2c-commerce-cloud/,/how-to-set-up-the-ecdn-in-sfcc-staging/,rewrite,markdown-link,since recently
migration/output/content/posts/understanding-sfcc-instances.md,https://www.rhino-inquisitor.com/lets-go-live-seo/,/lets-go-live-seo/,rewrite,markdown-link,SEO Engineer
migration/output/content/posts/understanding-sfcc-instances.md,https://www.rhino-inquisitor.com/the-salesforce-b2c-commerce-cloud-environment/,/the-salesforce-b2c-commerce-cloud-environment/,rewrite,markdown-link,robust platform
migration/output/content/posts/unravelling-the-mystery-of-dates-in-the-ocapi.md,https://www.rhino-inquisitor.com/creating-custom-ocapi-endpoints/,/creating-custom-ocapi-endpoints/,rewrite,markdown-link,custom GET endpoints
migration/output/content/posts/unravelling-the-mystery-of-dates-in-the-ocapi.md,https://www.rhino-inquisitor.com/the-salesforce-b2c-commerce-cloud-environment/,/the-salesforce-b2c-commerce-cloud-environment/,rewrite,markdown-link,Salesforce B2C Commerce Cloud
migration/output/content/posts/what-can-i-use-chatgpt-for-when-working-with-salesforce.md,https://www.rhino-inquisitor.com/events-and-the-golden-hoodie/,/events-and-the-golden-hoodie/,rewrite,markdown-link,events were starting
migration/output/content/posts/what-does-the-composable-storefront-mean-for-sfcc-developers.md,https://www.rhino-inquisitor.com/sitegenesis-vs-sfra-vs-pwa/,/sitegenesis-vs-sfra-vs-pwa/,rewrite,markdown-link,Composable Storefront
migration/output/content/posts/what-does-the-composable-storefront-mean-for-sfcc-developers.md,https://www.rhino-inquisitor.com/what-is-commerce-on-core/,/what-is-commerce-on-core/,rewrite,markdown-link,in September last year that many things are afoot
migration/output/content/posts/what-does-the-composable-storefront-mean-for-sfcc-developers.md,https://www.rhino-inquisitor.com/what-is-commerce-on-core/,/what-is-commerce-on-core/,rewrite,markdown-link,I don't see that happening within the next five years
migration/output/content/posts/what-is-commerce-on-core.md,https://www.rhino-inquisitor.com/sitegenesis-vs-sfra-vs-pwa/,/sitegenesis-vs-sfra-vs-pwa/,rewrite,markdown-link,Demandware
migration/output/content/posts/what-is-commerce-on-core.md,https://www.rhino-inquisitor.com/sitegenesis-vs-sfra-vs-pwa/,/sitegenesis-vs-sfra-vs-pwa/,rewrite,markdown-link,PWA Kit
migration/output/content/posts/what-is-commerce-on-core.md,https://www.rhino-inquisitor.com/sitegenesis-vs-sfra-vs-pwa/,/sitegenesis-vs-sfra-vs-pwa/,rewrite,markdown-link,SFRA
migration/output/content/posts/what-is-commerce-on-core.md,https://www.rhino-inquisitor.com/sitegenesis-vs-sfra-vs-pwa/,/sitegenesis-vs-sfra-vs-pwa/,rewrite,markdown-link,SiteGenesis
migration/output/content/posts/what-is-commerce-on-core.md,https://www.rhino-inquisitor.com/what-is-oci-omnichannel-inventory/,/what-is-oci-omnichannel-inventory/,rewrite,markdown-link,Omnichannel Inventory
migration/output/content/posts/what-is-new-in-sfcc-24-6.md,https://www.rhino-inquisitor.com/getting-secured-with-the-24-5-salesforce-b2c-commerce-cloud-release/,/getting-secured-with-the-24-5-salesforce-b2c-commerce-cloud-release/,rewrite,markdown-link,Read the 24.5 release notes
migration/output/content/posts/what-is-new-in-sfcc-24-6.md,https://www.rhino-inquisitor.com/salesforce-connections-2024-and-sfcc/,/salesforce-connections-2024-and-sfcc/,rewrite,markdown-link,Connections
migration/output/content/posts/what-is-new-in-the-23-8-commerce-cloud-release.md,https://www.rhino-inquisitor.com/salesforce-b2c-commerce-the-22-6-release/,/salesforce-b2c-commerce-the-22-6-release/,rewrite,markdown-link,Read the 22.6 release notes
migration/output/content/posts/what-is-new-in-the-23-8-commerce-cloud-release.md,https://www.rhino-inquisitor.com/the-deprecation-of-the-uuid-token-for-api-clients/,/the-deprecation-of-the-uuid-token-for-api-clients/,rewrite,markdown-link,extensively on this topic
migration/output/content/posts/what-is-the-ocapi-session-bridge.md,https://www.rhino-inquisitor.com/sitegenesis-vs-sfra-vs-pwa/,/sitegenesis-vs-sfra-vs-pwa/,rewrite,markdown-link,Headless architecture
migration/output/content/posts/what-is-the-ocapi-session-bridge.md,https://www.rhino-inquisitor.com/slas-in-sfra-or-sitegenesis/,/slas-in-sfra-or-sitegenesis/,rewrite,markdown-link,SFRA SLAS Plugin
migration/output/content/posts/what-is-the-sfcc-managed-runtime.md,https://www.rhino-inquisitor.com/sitegenesis-vs-sfra-vs-pwa/,/sitegenesis-vs-sfra-vs-pwa/,rewrite,markdown-link,Composable Storefront
migration/output/content/posts/what-is-the-sfcc-managed-runtime.md,https://www.rhino-inquisitor.com/sitegenesis-vs-sfra-vs-pwa/,/sitegenesis-vs-sfra-vs-pwa/,rewrite,markdown-link,monolithic solution
migration/output/content/posts/what-is-the-sfcc-managed-runtime.md,https://www.rhino-inquisitor.com/the-salesforce-b2c-commerce-cloud-environment/,/the-salesforce-b2c-commerce-cloud-environment/,rewrite,markdown-link,Salesforce B2C Commerce Cloud
migration/output/content/posts/what-skills-do-i-need-as-a-sfcc-architect.md,https://www.rhino-inquisitor.com/community-salesforce-events-and-commerce-cloud/,/community-salesforce-events-and-commerce-cloud/,rewrite,markdown-link,conferences
migration/output/content/posts/what-skills-do-i-need-as-a-sfcc-architect.md,https://www.rhino-inquisitor.com/creating-custom-ocapi-endpoints/,/creating-custom-ocapi-endpoints/,rewrite,markdown-link,APIs
migration/output/content/posts/what-skills-do-i-need-as-a-sfcc-architect.md,https://www.rhino-inquisitor.com/preparing-for-the-b2c-commerce-developer-certification/,/preparing-for-the-b2c-commerce-developer-certification/,rewrite,markdown-link,Salesforce Commerce Cloud developer
migration/output/content/posts/what-skills-do-i-need-as-a-sfcc-architect.md,https://www.rhino-inquisitor.com/preparing-for-the-b2c-commerce-developer-certification/,/preparing-for-the-b2c-commerce-developer-certification/,rewrite,markdown-link,custom functionality
migration/output/content/posts/what-skills-do-i-need-as-a-sfcc-architect.md,https://www.rhino-inquisitor.com/salesforce-payments-experience-explained/,/salesforce-payments-experience-explained/,rewrite,markdown-link,commonly-used technologies
migration/output/content/posts/what-skills-do-i-need-as-a-sfcc-architect.md,https://www.rhino-inquisitor.com/the-b2c-commerce-architect-certification/,/the-b2c-commerce-architect-certification/,rewrite,markdown-link,architect
migration/output/content/posts/what-skills-do-i-need-as-a-sfcc-architect.md,https://www.rhino-inquisitor.com/the-salesforce-b2c-commerce-cloud-environment/,/the-salesforce-b2c-commerce-cloud-environment/,rewrite,markdown-link,Salesforce Commerce Cloud architecture
migration/output/content/posts/where-is-the-new-sfcc-documentation.md,https://www.rhino-inquisitor.com/salesforce-b2c-commerce-cloud-documentation/,/salesforce-b2c-commerce-cloud-documentation/,rewrite,markdown-link,documentation
migration/output/content/posts/where-to-hook-into-an-sfra-controller.md,https://www.rhino-inquisitor.com/sitegenesis-vs-sfra-vs-pwa/,/sitegenesis-vs-sfra-vs-pwa/,rewrite,markdown-link,SFRA
migration/output/content/posts/where-to-start-when-you-are-new-to-salesforce-b2c-commerce-cloud-development.md,https://www.rhino-inquisitor.com/how-to-get-a-salesforce-b2c-commerce-cloud-sandbox/,/how-to-get-a-salesforce-b2c-commerce-cloud-sandbox/,rewrite,markdown-link,Find out here how to get your hands on one!
migration/output/content/posts/where-to-start-when-you-are-new-to-salesforce-b2c-commerce-cloud-development.md,https://www.rhino-inquisitor.com/preparing-for-the-b2c-commerce-developer-certification/,/preparing-for-the-b2c-commerce-developer-certification/,rewrite,markdown-link,Certification Guide
migration/output/content/posts/where-to-start-when-you-are-new-to-salesforce-b2c-commerce-cloud-development.md,https://www.rhino-inquisitor.com/salesforce-b2c-commerce-cloud-documentation/,/salesforce-b2c-commerce-cloud-documentation/,rewrite,markdown-link,documentation and resources
migration/output/content/posts/where-to-start-when-you-are-new-to-salesforce-b2c-commerce-cloud-development.md,https://www.rhino-inquisitor.com/sitegenesis-vs-sfra-vs-pwa/,/sitegenesis-vs-sfra-vs-pwa/,rewrite,markdown-link,get to know the platform
migration/output/content/posts/where-to-start-when-you-are-new-to-salesforce-b2c-commerce-cloud-development.md,https://www.rhino-inquisitor.com/where-is-the-new-sfcc-documentation/,/where-is-the-new-sfcc-documentation/,rewrite,markdown-link,public documentation
migration/output/content/posts/why-circumventing-sfcc-quota-limits-is-a-bad-idea.md,https://www.rhino-inquisitor.com/wp-content/uploads/2023/12/quota-limit-warning-scaled.jpg,/media/2023/quota-limit-warning-7f7a47522c.jpg,rewrite-media,markdown-link,/media/2023/quota-limit-warning-7f7a47522c.jpg
migration/output/content/posts/your-definitive-mobile-app-checklist.md,https://www.rhino-inquisitor.com/a-survival-guide-to-sfcc-platform-limits/,/a-survival-guide-to-sfcc-platform-limits/,rewrite,markdown-link,shared responsibility
migration/output/content/posts/your-definitive-mobile-app-checklist.md,https://www.rhino-inquisitor.com/caching-rest-apis-in-sfcc/,/caching-rest-apis-in-sfcc/,rewrite,markdown-link,caching
migration/output/content/posts/your-definitive-mobile-app-checklist.md,https://www.rhino-inquisitor.com/the-importance-of-origin-shielding/,/the-importance-of-origin-shielding/,rewrite,markdown-link,deprecation
