legacy_url,target_url,intent_class,review_status,reviewer,notes
/?p=10100,/chasing-clouds-catching-up-with-the-commercecrew-at-dreamforce-2023/,exact-equivalent,approved,Thomas Theunen,Legacy URL redirects to /chasing-clouds-catching-up-with-the-commercecrew-at-dreamforce-2023/; map as merge without redirect chain. Model A exception: query-string source URLs are tracked in inventory but are not served by Hugo aliases at launch per RHI-062. RHI-064 review: Approved as exact-equivalent because this legacy WordPress query-string permalink resolves to the same surviving content item at its canonical Hugo path. Launch delivery remains an accepted RHI-062 query-string limitation under Model A.
/?p=1011,/preparing-for-the-b2c-commerce-developer-certification/,exact-equivalent,approved,Thomas Theunen,Legacy URL redirects to /preparing-for-the-b2c-commerce-developer-certification/; map as merge without redirect chain. Model A exception: query-string source URLs are tracked in inventory but are not served by Hugo aliases at launch per RHI-062. RHI-064 review: Approved as exact-equivalent because this legacy WordPress query-string permalink resolves to the same surviving content item at its canonical Hugo path. Launch delivery remains an accepted RHI-062 query-string limitation under Model A.
/?p=10175,/salesforce-b2c-commerce-cloud-23-10-release-a-comprehensive-overview/,exact-equivalent,approved,Thomas Theunen,Legacy URL redirects to /salesforce-b2c-commerce-cloud-23-10-release-a-comprehensive-overview/; map as merge without redirect chain. Model A exception: query-string source URLs are tracked in inventory but are not served by Hugo aliases at launch per RHI-062. RHI-064 review: Approved as exact-equivalent because this legacy WordPress query-string permalink resolves to the same surviving content item at its canonical Hugo path. Launch delivery remains an accepted RHI-062 query-string limitation under Model A.
/?p=10453,/new-apis-and-features-for-a-headless-sfcc/,exact-equivalent,approved,Thomas Theunen,Legacy URL redirects to /new-apis-and-features-for-a-headless-sfcc/; map as merge without redirect chain. Model A exception: query-string source URLs are tracked in inventory but are not served by Hugo aliases at launch per RHI-062. RHI-064 review: Approved as exact-equivalent because this legacy WordPress query-string permalink resolves to the same surviving content item at its canonical Hugo path. Launch delivery remains an accepted RHI-062 query-string limitation under Model A.
/?p=10508,/slicing-versus-variation-groups-in-sfcc/,exact-equivalent,approved,Thomas Theunen,Legacy URL redirects to /slicing-versus-variation-groups-in-sfcc/; map as merge without redirect chain. Model A exception: query-string source URLs are tracked in inventory but are not served by Hugo aliases at launch per RHI-062. RHI-064 review: Approved as exact-equivalent because this legacy WordPress query-string permalink resolves to the same surviving content item at its canonical Hugo path. Launch delivery remains an accepted RHI-062 query-string limitation under Model A.
/?p=10587,/leveraging-generic-mappings-in-sfcc/,exact-equivalent,approved,Thomas Theunen,Legacy URL redirects to /leveraging-generic-mappings-in-sfcc/; map as merge without redirect chain. Model A exception: query-string source URLs are tracked in inventory but are not served by Hugo aliases at launch per RHI-062. RHI-064 review: Approved as exact-equivalent because this legacy WordPress query-string permalink resolves to the same surviving content item at its canonical Hugo path. Launch delivery remains an accepted RHI-062 query-string limitation under Model A.
/?p=1061,/is-salesforce-certification-worth-it/,exact-equivalent,approved,Thomas Theunen,Legacy URL redirects to /is-salesforce-certification-worth-it/; map as merge without redirect chain. Model A exception: query-string source URLs are tracked in inventory but are not served by Hugo aliases at launch per RHI-062. RHI-064 review: Approved as exact-equivalent because this legacy WordPress query-string permalink resolves to the same surviving content item at its canonical Hugo path. Launch delivery remains an accepted RHI-062 query-string limitation under Model A.
/?p=10642,/mastering-chunk-oriented-job-steps-in-salesforce-b2c-commerce-cloud/,exact-equivalent,approved,Thomas Theunen,Legacy URL redirects to /mastering-chunk-oriented-job-steps-in-salesforce-b2c-commerce-cloud/; map as merge without redirect chain. Model A exception: query-string source URLs are tracked in inventory but are not served by Hugo aliases at launch per RHI-062. RHI-064 review: Approved as exact-equivalent because this legacy WordPress query-string permalink resolves to the same surviving content item at its canonical Hugo path. Launch delivery remains an accepted RHI-062 query-string limitation under Model A.
/?p=10683,/why-circumventing-sfcc-quota-limits-is-a-bad-idea/,exact-equivalent,approved,Thomas Theunen,Legacy URL redirects to /why-circumventing-sfcc-quota-limits-is-a-bad-idea/; map as merge without redirect chain. Model A exception: query-string source URLs are tracked in inventory but are not served by Hugo aliases at launch per RHI-062. RHI-064 review: Approved as exact-equivalent because this legacy WordPress query-string permalink resolves to the same surviving content item at its canonical Hugo path. Launch delivery remains an accepted RHI-062 query-string limitation under Model A.
/?p=1077,/video/,exact-equivalent,approved,Thomas Theunen,Legacy URL redirects to /video/; map as merge without redirect chain. Model A exception: query-string source URLs are tracked in inventory but are not served by Hugo aliases at launch per RHI-062. RHI-064 review: Approved as exact-equivalent because this legacy WordPress query-string permalink resolves to the same surviving page; the destination is not a convenience redirect to a generic hub. Launch delivery remains an accepted RHI-062 query-string limitation under Model A.
/?p=11082,/sfcc-24-1-release-a-new-year-update/,exact-equivalent,approved,Thomas Theunen,Legacy URL redirects to /sfcc-24-1-release-a-new-year-update/; map as merge without redirect chain. Model A exception: query-string source URLs are tracked in inventory but are not served by Hugo aliases at launch per RHI-062. RHI-064 review: Approved as exact-equivalent because this legacy WordPress query-string permalink resolves to the same surviving content item at its canonical Hugo path. Launch delivery remains an accepted RHI-062 query-string limitation under Model A.
/?p=11181,/understanding-locale-fallback-in-sfcc/,exact-equivalent,approved,Thomas Theunen,Legacy URL redirects to /understanding-locale-fallback-in-sfcc/; map as merge without redirect chain. Model A exception: query-string source URLs are tracked in inventory but are not served by Hugo aliases at launch per RHI-062. RHI-064 review: Approved as exact-equivalent because this legacy WordPress query-string permalink resolves to the same surviving content item at its canonical Hugo path. Launch delivery remains an accepted RHI-062 query-string limitation under Model A.
/?p=1124,/server-side-performance-in-sfcc/,exact-equivalent,approved,Thomas Theunen,Legacy URL redirects to /server-side-performance-in-sfcc/; map as merge without redirect chain. Model A exception: query-string source URLs are tracked in inventory but are not served by Hugo aliases at launch per RHI-062. RHI-064 review: Approved as exact-equivalent because this legacy WordPress query-string permalink resolves to the same surviving content item at its canonical Hugo path. Launch delivery remains an accepted RHI-062 query-string limitation under Model A.
/?p=11255,/a-look-at-the-salesforce-b2c-commerce-cloud-24-2-release/,exact-equivalent,approved,Thomas Theunen,Legacy URL redirects to /a-look-at-the-salesforce-b2c-commerce-cloud-24-2-release/; map as merge without redirect chain. Model A exception: query-string source URLs are tracked in inventory but are not served by Hugo aliases at launch per RHI-062. RHI-064 review: Approved as exact-equivalent because this legacy WordPress query-string permalink resolves to the same surviving content item at its canonical Hugo path. Launch delivery remains an accepted RHI-062 query-string limitation under Model A.
/?p=11362,/the-attribute-fallback-system-in-sfcc/,exact-equivalent,approved,Thomas Theunen,Legacy URL redirects to /the-attribute-fallback-system-in-sfcc/; map as merge without redirect chain. Model A exception: query-string source URLs are tracked in inventory but are not served by Hugo aliases at launch per RHI-062. RHI-064 review: Approved as exact-equivalent because this legacy WordPress query-string permalink resolves to the same surviving content item at its canonical Hugo path. Launch delivery remains an accepted RHI-062 query-string limitation under Model A.
/?p=11566,/digging-into-the-b2c-commerce-cloud-24-3-release/,exact-equivalent,approved,Thomas Theunen,Legacy URL redirects to /digging-into-the-b2c-commerce-cloud-24-3-release/; map as merge without redirect chain. Model A exception: query-string source URLs are tracked in inventory but are not served by Hugo aliases at launch per RHI-062. RHI-064 review: Approved as exact-equivalent because this legacy WordPress query-string permalink resolves to the same surviving content item at its canonical Hugo path. Launch delivery remains an accepted RHI-062 query-string limitation under Model A.
/?p=1161,/the-move-from-on-site-to-remote/,exact-equivalent,approved,Thomas Theunen,Legacy URL redirects to /the-move-from-on-site-to-remote/; map as merge without redirect chain. Model A exception: query-string source URLs are tracked in inventory but are not served by Hugo aliases at launch per RHI-062. RHI-064 review: Approved as exact-equivalent because this legacy WordPress query-string permalink resolves to the same surviving content item at its canonical Hugo path. Launch delivery remains an accepted RHI-062 query-string limitation under Model A.
/?p=11627,/reflecting-on-2-years-of-blogging/,exact-equivalent,approved,Thomas Theunen,Legacy URL redirects to /reflecting-on-2-years-of-blogging/; map as merge without redirect chain. Model A exception: query-string source URLs are tracked in inventory but are not served by Hugo aliases at launch per RHI-062. RHI-064 review: Approved as exact-equivalent because this legacy WordPress query-string permalink resolves to the same surviving content item at its canonical Hugo path. Launch delivery remains an accepted RHI-062 query-string limitation under Model A.
/?p=11658,/in-the-ring-ocapi-versus-scapi/,exact-equivalent,approved,Thomas Theunen,Legacy URL redirects to /in-the-ring-ocapi-versus-scapi/; map as merge without redirect chain. Model A exception: query-string source URLs are tracked in inventory but are not served by Hugo aliases at launch per RHI-062. RHI-064 review: Approved as exact-equivalent because this legacy WordPress query-string permalink resolves to the same surviving content item at its canonical Hugo path. Launch delivery remains an accepted RHI-062 query-string limitation under Model A.
/?p=11710,/migrate-magento-passwords-using-argon2/,exact-equivalent,approved,Thomas Theunen,Legacy URL redirects to /migrate-magento-passwords-using-argon2/; map as merge without redirect chain. Model A exception: query-string source URLs are tracked in inventory but are not served by Hugo aliases at launch per RHI-062. RHI-064 review: Approved as exact-equivalent because this legacy WordPress query-string permalink resolves to the same surviving content item at its canonical Hugo path. Launch delivery remains an accepted RHI-062 query-string limitation under Model A.
/?p=11734,/getting-to-know-the-sfcc-24-4-release/,exact-equivalent,approved,Thomas Theunen,Legacy URL redirects to /getting-to-know-the-sfcc-24-4-release/; map as merge without redirect chain. Model A exception: query-string source URLs are tracked in inventory but are not served by Hugo aliases at launch per RHI-062. RHI-064 review: Approved as exact-equivalent because this legacy WordPress query-string permalink resolves to the same surviving content item at its canonical Hugo path. Launch delivery remains an accepted RHI-062 query-string limitation under Model A.
/?p=11813,/getting-secured-with-the-24-5-salesforce-b2c-commerce-cloud-release/,exact-equivalent,approved,Thomas Theunen,Legacy URL redirects to /getting-secured-with-the-24-5-salesforce-b2c-commerce-cloud-release/; map as merge without redirect chain. Model A exception: query-string source URLs are tracked in inventory but are not served by Hugo aliases at launch per RHI-062. RHI-064 review: Approved as exact-equivalent because this legacy WordPress query-string permalink resolves to the same surviving content item at its canonical Hugo path. Launch delivery remains an accepted RHI-062 query-string limitation under Model A.
/?p=11871,/salesforce-connections-2024-and-sfcc/,exact-equivalent,approved,Thomas Theunen,Legacy URL redirects to /salesforce-connections-2024-and-sfcc/; map as merge without redirect chain. Model A exception: query-string source URLs are tracked in inventory but are not served by Hugo aliases at launch per RHI-062. RHI-064 review: Approved as exact-equivalent because this legacy WordPress query-string permalink resolves to the same surviving content item at its canonical Hugo path. Launch delivery remains an accepted RHI-062 query-string limitation under Model A.
/?p=11960,/what-is-new-in-sfcc-24-6/,exact-equivalent,approved,Thomas Theunen,Legacy URL redirects to /what-is-new-in-sfcc-24-6/; map as merge without redirect chain. Model A exception: query-string source URLs are tracked in inventory but are not served by Hugo aliases at launch per RHI-062. RHI-064 review: Approved as exact-equivalent because this legacy WordPress query-string permalink resolves to the same surviving content item at its canonical Hugo path. Launch delivery remains an accepted RHI-062 query-string limitation under Model A.
/?p=12020,/the-latest-in-sfcc-version-24-7/,exact-equivalent,approved,Thomas Theunen,Legacy URL redirects to /the-latest-in-sfcc-version-24-7/; map as merge without redirect chain. Model A exception: query-string source URLs are tracked in inventory but are not served by Hugo aliases at launch per RHI-062. RHI-064 review: Approved as exact-equivalent because this legacy WordPress query-string permalink resolves to the same surviving content item at its canonical Hugo path. Launch delivery remains an accepted RHI-062 query-string limitation under Model A.
/?p=1207,/lets-go-live-ecdn/,exact-equivalent,approved,Thomas Theunen,Legacy URL redirects to /lets-go-live-ecdn/; map as merge without redirect chain. Model A exception: query-string source URLs are tracked in inventory but are not served by Hugo aliases at launch per RHI-062. RHI-064 review: Approved as exact-equivalent because this legacy WordPress query-string permalink resolves to the same surviving content item at its canonical Hugo path. Launch delivery remains an accepted RHI-062 query-string limitation under Model A.
/?p=12087,/it-sure-has-been-quiet-on-this-blog/,exact-equivalent,approved,Thomas Theunen,Legacy URL redirects to /it-sure-has-been-quiet-on-this-blog/; map as merge without redirect chain. Model A exception: query-string source URLs are tracked in inventory but are not served by Hugo aliases at launch per RHI-062. RHI-064 review: Approved as exact-equivalent because this legacy WordPress query-string permalink resolves to the same surviving content item at its canonical Hugo path. Launch delivery remains an accepted RHI-062 query-string limitation under Model A.
/?p=12231,/caching-in-the-sfcc-composable-storefront/,exact-equivalent,approved,Thomas Theunen,Legacy URL redirects to /caching-in-the-sfcc-composable-storefront/; map as merge without redirect chain. Model A exception: query-string source URLs are tracked in inventory but are not served by Hugo aliases at launch per RHI-062. RHI-064 review: Approved as exact-equivalent because this legacy WordPress query-string permalink resolves to the same surviving content item at its canonical Hugo path. Launch delivery remains an accepted RHI-062 query-string limitation under Model A.
/?p=12325,/should-i-use-sfra-rest-endpoints-in-a-composable-storefront/,exact-equivalent,approved,Thomas Theunen,Legacy URL redirects to /should-i-use-sfra-rest-endpoints-in-a-composable-storefront/; map as merge without redirect chain. Model A exception: query-string source URLs are tracked in inventory but are not served by Hugo aliases at launch per RHI-062. RHI-064 review: Approved as exact-equivalent because this legacy WordPress query-string permalink resolves to the same surviving content item at its canonical Hugo path. Launch delivery remains an accepted RHI-062 query-string limitation under Model A.
/?p=12372,/the-importance-of-origin-shielding/,exact-equivalent,approved,Thomas Theunen,Legacy URL redirects to /the-importance-of-origin-shielding/; map as merge without redirect chain. Model A exception: query-string source URLs are tracked in inventory but are not served by Hugo aliases at launch per RHI-062. RHI-064 review: Approved as exact-equivalent because this legacy WordPress query-string permalink resolves to the same surviving content item at its canonical Hugo path. Launch delivery remains an accepted RHI-062 query-string limitation under Model A.
/?p=12435,/swc-and-storybook-error-failed-to-load-native-binding/,exact-equivalent,approved,Thomas Theunen,Legacy URL redirects to /swc-and-storybook-error-failed-to-load-native-binding/; map as merge without redirect chain. Model A exception: query-string source URLs are tracked in inventory but are not served by Hugo aliases at launch per RHI-062. RHI-064 review: Approved as exact-equivalent because this legacy WordPress query-string permalink resolves to the same surviving content item at its canonical Hugo path. Launch delivery remains an accepted RHI-062 query-string limitation under Model A.
/?p=12459,/sfcc-introduction/,exact-equivalent,approved,Thomas Theunen,Legacy URL redirects to /sfcc-introduction/; map as merge without redirect chain. Model A exception: query-string source URLs are tracked in inventory but are not served by Hugo aliases at launch per RHI-062. RHI-064 review: Approved as exact-equivalent because this legacy WordPress query-string permalink resolves to the same surviving content item at its canonical Hugo path. Launch delivery remains an accepted RHI-062 query-string limitation under Model A.
/?p=12535,/third-party-api-caching-in-commerce-cloud/,exact-equivalent,approved,Thomas Theunen,Legacy URL redirects to /third-party-api-caching-in-commerce-cloud/; map as merge without redirect chain. Model A exception: query-string source URLs are tracked in inventory but are not served by Hugo aliases at launch per RHI-062. RHI-064 review: Approved as exact-equivalent because this legacy WordPress query-string permalink resolves to the same surviving content item at its canonical Hugo path. Launch delivery remains an accepted RHI-062 query-string limitation under Model A.
/?p=1265,/certifications-for-salesforce-b2c-commerce-cloud/,exact-equivalent,approved,Thomas Theunen,Legacy URL redirects to /certifications-for-salesforce-b2c-commerce-cloud/; map as merge without redirect chain. Model A exception: query-string source URLs are tracked in inventory but are not served by Hugo aliases at launch per RHI-062. RHI-064 review: Approved as exact-equivalent because this legacy WordPress query-string permalink resolves to the same surviving content item at its canonical Hugo path. Launch delivery remains an accepted RHI-062 query-string limitation under Model A.
/?p=12739,/storefront-protection-in-the-pwa-kit/,exact-equivalent,approved,Thomas Theunen,Legacy URL redirects to /storefront-protection-in-the-pwa-kit/; map as merge without redirect chain. Model A exception: query-string source URLs are tracked in inventory but are not served by Hugo aliases at launch per RHI-062. RHI-064 review: Approved as exact-equivalent because this legacy WordPress query-string permalink resolves to the same surviving content item at its canonical Hugo path. Launch delivery remains an accepted RHI-062 query-string limitation under Model A.
/?p=12775,/sending-emails-from-sfcc/,exact-equivalent,approved,Thomas Theunen,Legacy URL redirects to /sending-emails-from-sfcc/; map as merge without redirect chain. Model A exception: query-string source URLs are tracked in inventory but are not served by Hugo aliases at launch per RHI-062. RHI-064 review: Approved as exact-equivalent because this legacy WordPress query-string permalink resolves to the same surviving content item at its canonical Hugo path. Launch delivery remains an accepted RHI-062 query-string limitation under Model A.
/?p=12891,/local-vs-shared-variation-attributes-sfcc/,exact-equivalent,approved,Thomas Theunen,Legacy URL redirects to /local-vs-shared-variation-attributes-sfcc/; map as merge without redirect chain. Model A exception: query-string source URLs are tracked in inventory but are not served by Hugo aliases at launch per RHI-062. RHI-064 review: Approved as exact-equivalent because this legacy WordPress query-string permalink resolves to the same surviving content item at its canonical Hugo path. Launch delivery remains an accepted RHI-062 query-string limitation under Model A.
/?p=12947,/mastering-sitemaps-in-sfcc/,exact-equivalent,approved,Thomas Theunen,Legacy URL redirects to /mastering-sitemaps-in-sfcc/; map as merge without redirect chain. Model A exception: query-string source URLs are tracked in inventory but are not served by Hugo aliases at launch per RHI-062. RHI-064 review: Approved as exact-equivalent because this legacy WordPress query-string permalink resolves to the same surviving content item at its canonical Hugo path. Launch delivery remains an accepted RHI-062 query-string limitation under Model A.
/?p=12990,/lag-to-riches-a-pwa-kit-developers-guide/,exact-equivalent,approved,Thomas Theunen,Legacy URL redirects to /lag-to-riches-a-pwa-kit-developers-guide/; map as merge without redirect chain. Model A exception: query-string source URLs are tracked in inventory but are not served by Hugo aliases at launch per RHI-062. RHI-064 review: Approved as exact-equivalent because this legacy WordPress query-string permalink resolves to the same surviving content item at its canonical Hugo path. Launch delivery remains an accepted RHI-062 query-string limitation under Model A.
/?p=1307,/salesforce-b2c-commerce-the-22-5-release/,exact-equivalent,approved,Thomas Theunen,Legacy URL redirects to /salesforce-b2c-commerce-the-22-5-release/; map as merge without redirect chain. Model A exception: query-string source URLs are tracked in inventory but are not served by Hugo aliases at launch per RHI-062. RHI-064 review: Approved as exact-equivalent because this legacy WordPress query-string permalink resolves to the same surviving content item at its canonical Hugo path. Launch delivery remains an accepted RHI-062 query-string limitation under Model A.
/?p=13098,/ai-wont-steal-your-sfcc-job-but-a-developer-using-ai-will/,exact-equivalent,approved,Thomas Theunen,Legacy URL redirects to /ai-wont-steal-your-sfcc-job-but-a-developer-using-ai-will/; map as merge without redirect chain. Model A exception: query-string source URLs are tracked in inventory but are not served by Hugo aliases at launch per RHI-062. RHI-064 review: Approved as exact-equivalent because this legacy WordPress query-string permalink resolves to the same surviving content item at its canonical Hugo path. Launch delivery remains an accepted RHI-062 query-string limitation under Model A.
/?p=13242,/image-ine-sfcc-dis-for-developers/,exact-equivalent,approved,Thomas Theunen,Legacy URL redirects to /image-ine-sfcc-dis-for-developers/; map as merge without redirect chain. Model A exception: query-string source URLs are tracked in inventory but are not served by Hugo aliases at launch per RHI-062. RHI-064 review: Approved as exact-equivalent because this legacy WordPress query-string permalink resolves to the same surviving content item at its canonical Hugo path. Launch delivery remains an accepted RHI-062 query-string limitation under Model A.
/?p=133,/pdf-and-salesforce-commerce-cloud-b2c/,exact-equivalent,approved,Thomas Theunen,Legacy URL redirects to /pdf-and-salesforce-commerce-cloud-b2c/; map as merge without redirect chain. Model A exception: query-string source URLs are tracked in inventory but are not served by Hugo aliases at launch per RHI-062. RHI-064 review: Approved as exact-equivalent because this legacy WordPress query-string permalink resolves to the same surviving content item at its canonical Hugo path. Launch delivery remains an accepted RHI-062 query-string limitation under Model A.
/?p=13311,/the-sfcc-guide-to-finding-pod-numbers/,exact-equivalent,approved,Thomas Theunen,Legacy URL redirects to /the-sfcc-guide-to-finding-pod-numbers/; map as merge without redirect chain. Model A exception: query-string source URLs are tracked in inventory but are not served by Hugo aliases at launch per RHI-062. RHI-064 review: Approved as exact-equivalent because this legacy WordPress query-string permalink resolves to the same surviving content item at its canonical Hugo path. Launch delivery remains an accepted RHI-062 query-string limitation under Model A.
/?p=13328,/field-guide-to-custom-caches-in-sfcc/,exact-equivalent,approved,Thomas Theunen,Legacy URL redirects to /field-guide-to-custom-caches-in-sfcc/; map as merge without redirect chain. Model A exception: query-string source URLs are tracked in inventory but are not served by Hugo aliases at launch per RHI-062. RHI-064 review: Approved as exact-equivalent because this legacy WordPress query-string permalink resolves to the same surviving content item at its canonical Hugo path. Launch delivery remains an accepted RHI-062 query-string limitation under Model A.
/?p=13525,/taming-the-beast-a-developers-deep-dive-into-sfcc-meta-tag-rules/,exact-equivalent,approved,Thomas Theunen,Legacy URL redirects to /taming-the-beast-a-developers-deep-dive-into-sfcc-meta-tag-rules/; map as merge without redirect chain. Model A exception: query-string source URLs are tracked in inventory but are not served by Hugo aliases at launch per RHI-062. RHI-064 review: Approved as exact-equivalent because this legacy WordPress query-string permalink resolves to the same surviving content item at its canonical Hugo path. Launch delivery remains an accepted RHI-062 query-string limitation under Model A.
/?p=13621,/kickstart-guide-for-new-sfcc-developers/,exact-equivalent,approved,Thomas Theunen,Legacy URL redirects to /kickstart-guide-for-new-sfcc-developers/; map as merge without redirect chain. Model A exception: query-string source URLs are tracked in inventory but are not served by Hugo aliases at launch per RHI-062. RHI-064 review: Approved as exact-equivalent because this legacy WordPress query-string permalink resolves to the same surviving content item at its canonical Hugo path. Launch delivery remains an accepted RHI-062 query-string limitation under Model A.
/?p=13802,/a-dev-guide-to-combating-fraud-on-sfcc/,exact-equivalent,approved,Thomas Theunen,Legacy URL redirects to /a-dev-guide-to-combating-fraud-on-sfcc/; map as merge without redirect chain. Model A exception: query-string source URLs are tracked in inventory but are not served by Hugo aliases at launch per RHI-062. RHI-064 review: Approved as exact-equivalent because this legacy WordPress query-string permalink resolves to the same surviving content item at its canonical Hugo path. Launch delivery remains an accepted RHI-062 query-string limitation under Model A.
/?p=1389,/sitegenesis-vs-sfra-vs-pwa/,exact-equivalent,approved,Thomas Theunen,Legacy URL redirects to /sitegenesis-vs-sfra-vs-pwa/; map as merge without redirect chain. Model A exception: query-string source URLs are tracked in inventory but are not served by Hugo aliases at launch per RHI-062. RHI-064 review: Approved as exact-equivalent because this legacy WordPress query-string permalink resolves to the same surviving content item at its canonical Hugo path. Launch delivery remains an accepted RHI-062 query-string limitation under Model A.
/?p=14004,/a-survival-guide-to-sfcc-platform-limits/,exact-equivalent,approved,Thomas Theunen,Legacy URL redirects to /a-survival-guide-to-sfcc-platform-limits/; map as merge without redirect chain. Model A exception: query-string source URLs are tracked in inventory but are not served by Hugo aliases at launch per RHI-062. RHI-064 review: Approved as exact-equivalent because this legacy WordPress query-string permalink resolves to the same surviving content item at its canonical Hugo path. Launch delivery remains an accepted RHI-062 query-string limitation under Model A.
/?p=14050,/real-time-inventory-checks-in-sfcc/,exact-equivalent,approved,Thomas Theunen,Legacy URL redirects to /real-time-inventory-checks-in-sfcc/; map as merge without redirect chain. Model A exception: query-string source URLs are tracked in inventory but are not served by Hugo aliases at launch per RHI-062. RHI-064 review: Approved as exact-equivalent because this legacy WordPress query-string permalink resolves to the same surviving content item at its canonical Hugo path. Launch delivery remains an accepted RHI-062 query-string limitation under Model A.
/?p=14142,/your-definitive-mobile-app-checklist/,exact-equivalent,approved,Thomas Theunen,Legacy URL redirects to /your-definitive-mobile-app-checklist/; map as merge without redirect chain. Model A exception: query-string source URLs are tracked in inventory but are not served by Hugo aliases at launch per RHI-062. RHI-064 review: Approved as exact-equivalent because this legacy WordPress query-string permalink resolves to the same surviving content item at its canonical Hugo path. Launch delivery remains an accepted RHI-062 query-string limitation under Model A.
/?p=14159,/the-realm-split-field-guide-to-migrating-an-sfcc-site/,exact-equivalent,approved,Thomas Theunen,Legacy URL redirects to /the-realm-split-field-guide-to-migrating-an-sfcc-site/; map as merge without redirect chain. Model A exception: query-string source URLs are tracked in inventory but are not served by Hugo aliases at launch per RHI-062. RHI-064 review: Approved as exact-equivalent because this legacy WordPress query-string permalink resolves to the same surviving content item at its canonical Hugo path. Launch delivery remains an accepted RHI-062 query-string limitation under Model A.
/?p=1551,/secure-coding-in-salesforce-b2c-commerce-cloud/,exact-equivalent,approved,Thomas Theunen,Legacy URL redirects to /secure-coding-in-salesforce-b2c-commerce-cloud/; map as merge without redirect chain. Model A exception: query-string source URLs are tracked in inventory but are not served by Hugo aliases at launch per RHI-062. RHI-064 review: Approved as exact-equivalent because this legacy WordPress query-string permalink resolves to the same surviving content item at its canonical Hugo path. Launch delivery remains an accepted RHI-062 query-string limitation under Model A.
/?p=1631,/should-i-get-javascript-developer-i-certified/,exact-equivalent,approved,Thomas Theunen,Legacy URL redirects to /should-i-get-javascript-developer-i-certified/; map as merge without redirect chain. Model A exception: query-string source URLs are tracked in inventory but are not served by Hugo aliases at launch per RHI-062. RHI-064 review: Approved as exact-equivalent because this legacy WordPress query-string permalink resolves to the same surviving content item at its canonical Hugo path. Launch delivery remains an accepted RHI-062 query-string limitation under Model A.
/?p=1678,/community-repositories/,exact-equivalent,approved,Thomas Theunen,Legacy URL redirects to /community-repositories/; map as merge without redirect chain. Model A exception: query-string source URLs are tracked in inventory but are not served by Hugo aliases at launch per RHI-062. RHI-064 review: Approved as exact-equivalent because this legacy WordPress query-string permalink resolves to the same surviving content item at its canonical Hugo path. Launch delivery remains an accepted RHI-062 query-string limitation under Model A.
/?p=1869,/podcasts-for-salesforce-b2c-commerce-cloud/,exact-equivalent,approved,Thomas Theunen,Legacy URL redirects to /podcasts-for-salesforce-b2c-commerce-cloud/; map as merge without redirect chain. Model A exception: query-string source URLs are tracked in inventory but are not served by Hugo aliases at launch per RHI-062. RHI-064 review: Approved as exact-equivalent because this legacy WordPress query-string permalink resolves to the same surviving content item at its canonical Hugo path. Launch delivery remains an accepted RHI-062 query-string limitation under Model A.
/?p=1894,/salesforce-b2c-commerce-the-22-6-release/,exact-equivalent,approved,Thomas Theunen,Legacy URL redirects to /salesforce-b2c-commerce-the-22-6-release/; map as merge without redirect chain. Model A exception: query-string source URLs are tracked in inventory but are not served by Hugo aliases at launch per RHI-062. RHI-064 review: Approved as exact-equivalent because this legacy WordPress query-string permalink resolves to the same surviving content item at its canonical Hugo path. Launch delivery remains an accepted RHI-062 query-string limitation under Model A.
/?p=1931,/what-is-oci-omnichannel-inventory/,exact-equivalent,approved,Thomas Theunen,Legacy URL redirects to /what-is-oci-omnichannel-inventory/; map as merge without redirect chain. Model A exception: query-string source URLs are tracked in inventory but are not served by Hugo aliases at launch per RHI-062. RHI-064 review: Approved as exact-equivalent because this legacy WordPress query-string permalink resolves to the same surviving content item at its canonical Hugo path. Launch delivery remains an accepted RHI-062 query-string limitation under Model A.
/?p=2082,/office-hours-for-salesforce-b2c-commerce-cloud/,exact-equivalent,approved,Thomas Theunen,Legacy URL redirects to /office-hours-for-salesforce-b2c-commerce-cloud/; map as merge without redirect chain. Model A exception: query-string source URLs are tracked in inventory but are not served by Hugo aliases at launch per RHI-062. RHI-064 review: Approved as exact-equivalent because this legacy WordPress query-string permalink resolves to the same surviving content item at its canonical Hugo path. Launch delivery remains an accepted RHI-062 query-string limitation under Model A.
/?p=2104,/the-journey-from-developer-to-architect/,exact-equivalent,approved,Thomas Theunen,Legacy URL redirects to /the-journey-from-developer-to-architect/; map as merge without redirect chain. Model A exception: query-string source URLs are tracked in inventory but are not served by Hugo aliases at launch per RHI-062. RHI-064 review: Approved as exact-equivalent because this legacy WordPress query-string permalink resolves to the same surviving content item at its canonical Hugo path. Launch delivery remains an accepted RHI-062 query-string limitation under Model A.
/?p=2253,/three-things-to-secure-sfcc/,exact-equivalent,approved,Thomas Theunen,Legacy URL redirects to /three-things-to-secure-sfcc/; map as merge without redirect chain. Model A exception: query-string source URLs are tracked in inventory but are not served by Hugo aliases at launch per RHI-062. RHI-064 review: Approved as exact-equivalent because this legacy WordPress query-string permalink resolves to the same surviving content item at its canonical Hugo path. Launch delivery remains an accepted RHI-062 query-string limitation under Model A.
/?p=2265,/how-to-use-ocapi-scapi-hooks/,exact-equivalent,approved,Thomas Theunen,Legacy URL redirects to /how-to-use-ocapi-scapi-hooks/; map as merge without redirect chain. Model A exception: query-string source URLs are tracked in inventory but are not served by Hugo aliases at launch per RHI-062. RHI-064 review: Approved as exact-equivalent because this legacy WordPress query-string permalink resolves to the same surviving content item at its canonical Hugo path. Launch delivery remains an accepted RHI-062 query-string limitation under Model A.
/?p=2358,/salesforce-b2c-commerce-cloud-the-22-7-release/,exact-equivalent,approved,Thomas Theunen,Legacy URL redirects to /salesforce-b2c-commerce-cloud-the-22-7-release/; map as merge without redirect chain. Model A exception: query-string source URLs are tracked in inventory but are not served by Hugo aliases at launch per RHI-062. RHI-064 review: Approved as exact-equivalent because this legacy WordPress query-string permalink resolves to the same surviving content item at its canonical Hugo path. Launch delivery remains an accepted RHI-062 query-string limitation under Model A.
/?p=2517,/lets-go-live-seo/,exact-equivalent,approved,Thomas Theunen,Legacy URL redirects to /lets-go-live-seo/; map as merge without redirect chain. Model A exception: query-string source URLs are tracked in inventory but are not served by Hugo aliases at launch per RHI-062. RHI-064 review: Approved as exact-equivalent because this legacy WordPress query-string permalink resolves to the same surviving content item at its canonical Hugo path. Launch delivery remains an accepted RHI-062 query-string limitation under Model A.
/?p=2688,/non-technical-sfcc-certifications/,exact-equivalent,approved,Thomas Theunen,Legacy URL redirects to /non-technical-sfcc-certifications/; map as merge without redirect chain. Model A exception: query-string source URLs are tracked in inventory but are not served by Hugo aliases at launch per RHI-062. RHI-064 review: Approved as exact-equivalent because this legacy WordPress query-string permalink resolves to the same surviving content item at its canonical Hugo path. Launch delivery remains an accepted RHI-062 query-string limitation under Model A.
/?p=2770,/creating-custom-ocapi-endpoints/,exact-equivalent,approved,Thomas Theunen,Legacy URL redirects to /creating-custom-ocapi-endpoints/; map as merge without redirect chain. Model A exception: query-string source URLs are tracked in inventory but are not served by Hugo aliases at launch per RHI-062. RHI-064 review: Approved as exact-equivalent because this legacy WordPress query-string permalink resolves to the same surviving content item at its canonical Hugo path. Launch delivery remains an accepted RHI-062 query-string limitation under Model A.
/?p=2942,/salesforce-b2c-commerce-cloud-22-8/,exact-equivalent,approved,Thomas Theunen,Legacy URL redirects to /salesforce-b2c-commerce-cloud-22-8/; map as merge without redirect chain. Model A exception: query-string source URLs are tracked in inventory but are not served by Hugo aliases at launch per RHI-062. RHI-064 review: Approved as exact-equivalent because this legacy WordPress query-string permalink resolves to the same surviving content item at its canonical Hugo path. Launch delivery remains an accepted RHI-062 query-string limitation under Model A.
/?p=2978,/how-to-get-salesforce-certification-vouchers/,exact-equivalent,approved,Thomas Theunen,Legacy URL redirects to /how-to-get-salesforce-certification-vouchers/; map as merge without redirect chain. Model A exception: query-string source URLs are tracked in inventory but are not served by Hugo aliases at launch per RHI-062. RHI-064 review: Approved as exact-equivalent because this legacy WordPress query-string permalink resolves to the same surviving content item at its canonical Hugo path. Launch delivery remains an accepted RHI-062 query-string limitation under Model A.
/?p=3,/privacy-policy/,exact-equivalent,approved,Thomas Theunen,Legacy URL redirects to /privacy-policy/; map as merge without redirect chain. Model A exception: query-string source URLs are tracked in inventory but are not served by Hugo aliases at launch per RHI-062. RHI-064 review: Approved as exact-equivalent because this legacy WordPress query-string permalink resolves to the same surviving content item at its canonical Hugo path. Launch delivery remains an accepted RHI-062 query-string limitation under Model A.
/?p=3042,/custom-ttf-fonts-in-pdf-for-sfcc/,exact-equivalent,approved,Thomas Theunen,Legacy URL redirects to /custom-ttf-fonts-in-pdf-for-sfcc/; map as merge without redirect chain. Model A exception: query-string source URLs are tracked in inventory but are not served by Hugo aliases at launch per RHI-062. RHI-064 review: Approved as exact-equivalent because this legacy WordPress query-string permalink resolves to the same surviving content item at its canonical Hugo path. Launch delivery remains an accepted RHI-062 query-string limitation under Model A.
/?p=3433,/caching-rest-apis-in-sfcc/,exact-equivalent,approved,Thomas Theunen,Legacy URL redirects to /caching-rest-apis-in-sfcc/; map as merge without redirect chain. Model A exception: query-string source URLs are tracked in inventory but are not served by Hugo aliases at launch per RHI-062. RHI-064 review: Approved as exact-equivalent because this legacy WordPress query-string permalink resolves to the same surviving content item at its canonical Hugo path. Launch delivery remains an accepted RHI-062 query-string limitation under Model A.
/?p=352,/archive/,exact-equivalent,approved,Thomas Theunen,Legacy URL redirects to /archive/; map as merge without redirect chain. Model A exception: query-string source URLs are tracked in inventory but are not served by Hugo aliases at launch per RHI-062. RHI-064 review: Approved as exact-equivalent because this legacy WordPress query-string permalink resolves to the same surviving page; the destination is not a convenience redirect to a generic hub. Launch delivery remains an accepted RHI-062 query-string limitation under Model A.
/?p=3641,/what-is-the-ocapi-session-bridge/,exact-equivalent,approved,Thomas Theunen,Legacy URL redirects to /what-is-the-ocapi-session-bridge/; map as merge without redirect chain. Model A exception: query-string source URLs are tracked in inventory but are not served by Hugo aliases at launch per RHI-062. RHI-064 review: Approved as exact-equivalent because this legacy WordPress query-string permalink resolves to the same surviving content item at its canonical Hugo path. Launch delivery remains an accepted RHI-062 query-string limitation under Model A.
/?p=365,/ideas/,exact-equivalent,approved,Thomas Theunen,Legacy URL redirects to /ideas/; map as merge without redirect chain. Model A exception: query-string source URLs are tracked in inventory but are not served by Hugo aliases at launch per RHI-062. RHI-064 review: Approved as exact-equivalent because this legacy WordPress query-string permalink resolves to the same surviving page; the destination is not a convenience redirect to a generic hub. Launch delivery remains an accepted RHI-062 query-string limitation under Model A.
/?p=3712,/salesforce-b2c-commerce-cloud-customer-erd/,exact-equivalent,approved,Thomas Theunen,Legacy URL redirects to /salesforce-b2c-commerce-cloud-customer-erd/; map as merge without redirect chain. Model A exception: query-string source URLs are tracked in inventory but are not served by Hugo aliases at launch per RHI-062. RHI-064 review: Approved as exact-equivalent because this legacy WordPress query-string permalink resolves to the same surviving content item at its canonical Hugo path. Launch delivery remains an accepted RHI-062 query-string limitation under Model A.
/?p=3806,/salesforce-b2c-commerce-cloud-content-erd/,exact-equivalent,approved,Thomas Theunen,Legacy URL redirects to /salesforce-b2c-commerce-cloud-content-erd/; map as merge without redirect chain. Model A exception: query-string source URLs are tracked in inventory but are not served by Hugo aliases at launch per RHI-062. RHI-064 review: Approved as exact-equivalent because this legacy WordPress query-string permalink resolves to the same surviving content item at its canonical Hugo path. Launch delivery remains an accepted RHI-062 query-string limitation under Model A.
/?p=3837,/sfcc-basket-order-erd/,exact-equivalent,approved,Thomas Theunen,Legacy URL redirects to /sfcc-basket-order-erd/; map as merge without redirect chain. Model A exception: query-string source URLs are tracked in inventory but are not served by Hugo aliases at launch per RHI-062. RHI-064 review: Approved as exact-equivalent because this legacy WordPress query-string permalink resolves to the same surviving content item at its canonical Hugo path. Launch delivery remains an accepted RHI-062 query-string limitation under Model A.
/?p=3895,/lets-go-live-customer-migration/,exact-equivalent,approved,Thomas Theunen,Legacy URL redirects to /lets-go-live-customer-migration/; map as merge without redirect chain. Model A exception: query-string source URLs are tracked in inventory but are not served by Hugo aliases at launch per RHI-062. RHI-064 review: Approved as exact-equivalent because this legacy WordPress query-string permalink resolves to the same surviving content item at its canonical Hugo path. Launch delivery remains an accepted RHI-062 query-string limitation under Model A.
/?p=4274,/the-salesforce-b2c-commerce-cloud-environment/,exact-equivalent,approved,Thomas Theunen,Legacy URL redirects to /the-salesforce-b2c-commerce-cloud-environment/; map as merge without redirect chain. Model A exception: query-string source URLs are tracked in inventory but are not served by Hugo aliases at launch per RHI-062. RHI-064 review: Approved as exact-equivalent because this legacy WordPress query-string permalink resolves to the same surviving content item at its canonical Hugo path. Launch delivery remains an accepted RHI-062 query-string limitation under Model A.
/?p=431,/mail-attachments-in-b2c-commerce-cloud/,exact-equivalent,approved,Thomas Theunen,Legacy URL redirects to /mail-attachments-in-b2c-commerce-cloud/; map as merge without redirect chain. Model A exception: query-string source URLs are tracked in inventory but are not served by Hugo aliases at launch per RHI-062. RHI-064 review: Approved as exact-equivalent because this legacy WordPress query-string permalink resolves to the same surviving content item at its canonical Hugo path. Launch delivery remains an accepted RHI-062 query-string limitation under Model A.
/?p=4455,/20-years-of-dreamforce/,exact-equivalent,approved,Thomas Theunen,Legacy URL redirects to /20-years-of-dreamforce/; map as merge without redirect chain. Model A exception: query-string source URLs are tracked in inventory but are not served by Hugo aliases at launch per RHI-062. RHI-064 review: Approved as exact-equivalent because this legacy WordPress query-string permalink resolves to the same surviving content item at its canonical Hugo path. Launch delivery remains an accepted RHI-062 query-string limitation under Model A.
/?p=4596,/the-deprecation-of-the-uuid-token-for-api-clients/,exact-equivalent,approved,Thomas Theunen,Legacy URL redirects to /the-deprecation-of-the-uuid-token-for-api-clients/; map as merge without redirect chain. Model A exception: query-string source URLs are tracked in inventory but are not served by Hugo aliases at launch per RHI-062. RHI-064 review: Approved as exact-equivalent because this legacy WordPress query-string permalink resolves to the same surviving content item at its canonical Hugo path. Launch delivery remains an accepted RHI-062 query-string limitation under Model A.
/?p=4795,/connecting-the-clouds-wedding-or-funeral/,exact-equivalent,approved,Thomas Theunen,Legacy URL redirects to /connecting-the-clouds-wedding-or-funeral/; map as merge without redirect chain. Model A exception: query-string source URLs are tracked in inventory but are not served by Hugo aliases at launch per RHI-062. RHI-064 review: Approved as exact-equivalent because this legacy WordPress query-string permalink resolves to the same surviving content item at its canonical Hugo path. Launch delivery remains an accepted RHI-062 query-string limitation under Model A.
/?p=4801,/me-myself-and-headless-a-composable-commerce-cloud-story/,exact-equivalent,approved,Thomas Theunen,Legacy URL redirects to /me-myself-and-headless-a-composable-commerce-cloud-story/; map as merge without redirect chain. Model A exception: query-string source URLs are tracked in inventory but are not served by Hugo aliases at launch per RHI-062. RHI-064 review: Approved as exact-equivalent because this legacy WordPress query-string permalink resolves to the same surviving content item at its canonical Hugo path. Launch delivery remains an accepted RHI-062 query-string limitation under Model A.
/?p=4827,/the-path-to-being-an-architect/,exact-equivalent,approved,Thomas Theunen,Legacy URL redirects to /the-path-to-being-an-architect/; map as merge without redirect chain. Model A exception: query-string source URLs are tracked in inventory but are not served by Hugo aliases at launch per RHI-062. RHI-064 review: Approved as exact-equivalent because this legacy WordPress query-string permalink resolves to the same surviving content item at its canonical Hugo path. Launch delivery remains an accepted RHI-062 query-string limitation under Model A.
/?p=4836,/headless/,exact-equivalent,approved,Thomas Theunen,Legacy URL redirects to /headless/; map as merge without redirect chain. Model A exception: query-string source URLs are tracked in inventory but are not served by Hugo aliases at launch per RHI-062. RHI-064 review: Approved as exact-equivalent because this legacy WordPress query-string permalink resolves to the same surviving content item at its canonical Hugo path. Launch delivery remains an accepted RHI-062 query-string limitation under Model A.
/?p=4854,/life-with-goldie/,exact-equivalent,approved,Thomas Theunen,Legacy URL redirects to /life-with-goldie/; map as merge without redirect chain. Model A exception: query-string source URLs are tracked in inventory but are not served by Hugo aliases at launch per RHI-062. RHI-064 review: Approved as exact-equivalent because this legacy WordPress query-string permalink resolves to the same surviving content item at its canonical Hugo path. Launch delivery remains an accepted RHI-062 query-string limitation under Model A.
/?p=4863,/inside-the-ohana/,exact-equivalent,approved,Thomas Theunen,Legacy URL redirects to /inside-the-ohana/; map as merge without redirect chain. Model A exception: query-string source URLs are tracked in inventory but are not served by Hugo aliases at launch per RHI-062. RHI-064 review: Approved as exact-equivalent because this legacy WordPress query-string permalink resolves to the same surviving content item at its canonical Hugo path. Launch delivery remains an accepted RHI-062 query-string limitation under Model A.
/?p=5072,/what-is-commerce-on-core/,exact-equivalent,approved,Thomas Theunen,Legacy URL redirects to /what-is-commerce-on-core/; map as merge without redirect chain. Model A exception: query-string source URLs are tracked in inventory but are not served by Hugo aliases at launch per RHI-062. RHI-064 review: Approved as exact-equivalent because this legacy WordPress query-string permalink resolves to the same surviving content item at its canonical Hugo path. Launch delivery remains an accepted RHI-062 query-string limitation under Model A.
/?p=528,/how-to-get-a-salesforce-b2c-commerce-cloud-sandbox/,exact-equivalent,approved,Thomas Theunen,Legacy URL redirects to /how-to-get-a-salesforce-b2c-commerce-cloud-sandbox/; map as merge without redirect chain. Model A exception: query-string source URLs are tracked in inventory but are not served by Hugo aliases at launch per RHI-062. RHI-064 review: Approved as exact-equivalent because this legacy WordPress query-string permalink resolves to the same surviving content item at its canonical Hugo path. Launch delivery remains an accepted RHI-062 query-string limitation under Model A.
/?p=5302,/salesforce-b2c-commerce-cloud-october-updates/,exact-equivalent,approved,Thomas Theunen,Legacy URL redirects to /salesforce-b2c-commerce-cloud-october-updates/; map as merge without redirect chain. Model A exception: query-string source URLs are tracked in inventory but are not served by Hugo aliases at launch per RHI-062. RHI-064 review: Approved as exact-equivalent because this legacy WordPress query-string permalink resolves to the same surviving content item at its canonical Hugo path. Launch delivery remains an accepted RHI-062 query-string limitation under Model A.
/?p=5406,/salesforce-b2c-commerce-cloud-governance-and-quotas/,exact-equivalent,approved,Thomas Theunen,Legacy URL redirects to /salesforce-b2c-commerce-cloud-governance-and-quotas/; map as merge without redirect chain. Model A exception: query-string source URLs are tracked in inventory but are not served by Hugo aliases at launch per RHI-062. RHI-064 review: Approved as exact-equivalent because this legacy WordPress query-string permalink resolves to the same surviving content item at its canonical Hugo path. Launch delivery remains an accepted RHI-062 query-string limitation under Model A.
/?p=567,/b2c-commerce-whats-new-in-the-22-3-release/,exact-equivalent,approved,Thomas Theunen,Legacy URL redirects to /b2c-commerce-whats-new-in-the-22-3-release/; map as merge without redirect chain. Model A exception: query-string source URLs are tracked in inventory but are not served by Hugo aliases at launch per RHI-062. RHI-064 review: Approved as exact-equivalent because this legacy WordPress query-string permalink resolves to the same surviving content item at its canonical Hugo path. Launch delivery remains an accepted RHI-062 query-string limitation under Model A.
/?p=6122,/what-is-the-sfcc-managed-runtime/,exact-equivalent,approved,Thomas Theunen,Legacy URL redirects to /what-is-the-sfcc-managed-runtime/; map as merge without redirect chain. Model A exception: query-string source URLs are tracked in inventory but are not served by Hugo aliases at launch per RHI-062. RHI-064 review: Approved as exact-equivalent because this legacy WordPress query-string permalink resolves to the same surviving content item at its canonical Hugo path. Launch delivery remains an accepted RHI-062 query-string limitation under Model A.
/?p=617,/slas-in-sfra-or-sitegenesis/,exact-equivalent,approved,Thomas Theunen,Legacy URL redirects to /slas-in-sfra-or-sitegenesis/; map as merge without redirect chain. Model A exception: query-string source URLs are tracked in inventory but are not served by Hugo aliases at launch per RHI-062. RHI-064 review: Approved as exact-equivalent because this legacy WordPress query-string permalink resolves to the same surviving content item at its canonical Hugo path. Launch delivery remains an accepted RHI-062 query-string limitation under Model A.
/?p=6217,/what-skills-do-i-need-as-a-sfcc-architect/,exact-equivalent,approved,Thomas Theunen,Legacy URL redirects to /what-skills-do-i-need-as-a-sfcc-architect/; map as merge without redirect chain. Model A exception: query-string source URLs are tracked in inventory but are not served by Hugo aliases at launch per RHI-062. RHI-064 review: Approved as exact-equivalent because this legacy WordPress query-string permalink resolves to the same surviving content item at its canonical Hugo path. Launch delivery remains an accepted RHI-062 query-string limitation under Model A.
/?p=6248,/what-can-i-use-chatgpt-for-when-working-with-salesforce/,exact-equivalent,approved,Thomas Theunen,Legacy URL redirects to /what-can-i-use-chatgpt-for-when-working-with-salesforce/; map as merge without redirect chain. Model A exception: query-string source URLs are tracked in inventory but are not served by Hugo aliases at launch per RHI-062. RHI-064 review: Approved as exact-equivalent because this legacy WordPress query-string permalink resolves to the same surviving content item at its canonical Hugo path. Launch delivery remains an accepted RHI-062 query-string limitation under Model A.
/?p=6325,/simplifying-the-salesforce-order-of-execution/,exact-equivalent,approved,Thomas Theunen,Legacy URL redirects to /simplifying-the-salesforce-order-of-execution/; map as merge without redirect chain. Model A exception: query-string source URLs are tracked in inventory but are not served by Hugo aliases at launch per RHI-062. RHI-064 review: Approved as exact-equivalent because this legacy WordPress query-string permalink resolves to the same surviving content item at its canonical Hugo path. Launch delivery remains an accepted RHI-062 query-string limitation under Model A.
/?p=6585,/how-to-load-client-side-javascript-and-css-in-sfra/,exact-equivalent,approved,Thomas Theunen,Legacy URL redirects to /how-to-load-client-side-javascript-and-css-in-sfra/; map as merge without redirect chain. Model A exception: query-string source URLs are tracked in inventory but are not served by Hugo aliases at launch per RHI-062. RHI-064 review: Approved as exact-equivalent because this legacy WordPress query-string permalink resolves to the same surviving content item at its canonical Hugo path. Launch delivery remains an accepted RHI-062 query-string limitation under Model A.
/?p=664,/b2c-commerce-whats-new-in-22-4/,exact-equivalent,approved,Thomas Theunen,Legacy URL redirects to /b2c-commerce-whats-new-in-22-4/; map as merge without redirect chain. Model A exception: query-string source URLs are tracked in inventory but are not served by Hugo aliases at launch per RHI-062. RHI-064 review: Approved as exact-equivalent because this legacy WordPress query-string permalink resolves to the same surviving content item at its canonical Hugo path. Launch delivery remains an accepted RHI-062 query-string limitation under Model A.
/?p=6686,/the-move-from-sitegenesis-and-sfra-to-the-composable-storefront-as-a-developer/,exact-equivalent,approved,Thomas Theunen,Legacy URL redirects to /the-move-from-sitegenesis-and-sfra-to-the-composable-storefront-as-a-developer/; map as merge without redirect chain. Model A exception: query-string source URLs are tracked in inventory but are not served by Hugo aliases at launch per RHI-062. RHI-064 review: Approved as exact-equivalent because this legacy WordPress query-string permalink resolves to the same surviving content item at its canonical Hugo path. Launch delivery remains an accepted RHI-062 query-string limitation under Model A.
/?p=6708,/where-to-start-when-you-are-new-to-salesforce-b2c-commerce-cloud-development/,exact-equivalent,approved,Thomas Theunen,Legacy URL redirects to /where-to-start-when-you-are-new-to-salesforce-b2c-commerce-cloud-development/; map as merge without redirect chain. Model A exception: query-string source URLs are tracked in inventory but are not served by Hugo aliases at launch per RHI-062. RHI-064 review: Approved as exact-equivalent because this legacy WordPress query-string permalink resolves to the same surviving content item at its canonical Hugo path. Launch delivery remains an accepted RHI-062 query-string limitation under Model A.
/?p=68,/about/,exact-equivalent,approved,Thomas Theunen,Legacy URL redirects to /about/; map as merge without redirect chain. Model A exception: query-string source URLs are tracked in inventory but are not served by Hugo aliases at launch per RHI-062. RHI-064 review: Approved as exact-equivalent because this legacy WordPress query-string permalink resolves to the same surviving content item at its canonical Hugo path. Launch delivery remains an accepted RHI-062 query-string limitation under Model A.
/?p=6992,/life-is-about-choices/,exact-equivalent,approved,Thomas Theunen,Legacy URL redirects to /life-is-about-choices/; map as merge without redirect chain. Model A exception: query-string source URLs are tracked in inventory but are not served by Hugo aliases at launch per RHI-062. RHI-064 review: Approved as exact-equivalent because this legacy WordPress query-string permalink resolves to the same surviving content item at its canonical Hugo path. Launch delivery remains an accepted RHI-062 query-string limitation under Model A.
/?p=705,/helpful-salesforce-b2c-commerce-cloud-cli-tools/,exact-equivalent,approved,Thomas Theunen,Legacy URL redirects to /helpful-salesforce-b2c-commerce-cloud-cli-tools/; map as merge without redirect chain. Model A exception: query-string source URLs are tracked in inventory but are not served by Hugo aliases at launch per RHI-062. RHI-064 review: Approved as exact-equivalent because this legacy WordPress query-string permalink resolves to the same surviving content item at its canonical Hugo path. Launch delivery remains an accepted RHI-062 query-string limitation under Model A.
/?p=7399,/ai-automation-to-augmentation-at-work/,exact-equivalent,approved,Thomas Theunen,Legacy URL redirects to /ai-automation-to-augmentation-at-work/; map as merge without redirect chain. Model A exception: query-string source URLs are tracked in inventory but are not served by Hugo aliases at launch per RHI-062. RHI-064 review: Approved as exact-equivalent because this legacy WordPress query-string permalink resolves to the same surviving content item at its canonical Hugo path. Launch delivery remains an accepted RHI-062 query-string limitation under Model A.
/?p=7485,/salesforce-b2c-commerce-cloud-erd/,exact-equivalent,approved,Thomas Theunen,Legacy URL redirects to /salesforce-b2c-commerce-cloud-erd/; map as merge without redirect chain. Model A exception: query-string source URLs are tracked in inventory but are not served by Hugo aliases at launch per RHI-062. RHI-064 review: Approved as exact-equivalent because this legacy WordPress query-string permalink resolves to the same surviving content item at its canonical Hugo path. Launch delivery remains an accepted RHI-062 query-string limitation under Model A.
/?p=7569,/salesforce-payments-experience-explained/,exact-equivalent,approved,Thomas Theunen,Legacy URL redirects to /salesforce-payments-experience-explained/; map as merge without redirect chain. Model A exception: query-string source URLs are tracked in inventory but are not served by Hugo aliases at launch per RHI-062. RHI-064 review: Approved as exact-equivalent because this legacy WordPress query-string permalink resolves to the same surviving content item at its canonical Hugo path. Launch delivery remains an accepted RHI-062 query-string limitation under Model A.
/?p=7774,/a-new-day-for-commerce-recap/,exact-equivalent,approved,Thomas Theunen,Legacy URL redirects to /a-new-day-for-commerce-recap/; map as merge without redirect chain. Model A exception: query-string source URLs are tracked in inventory but are not served by Hugo aliases at launch per RHI-062. RHI-064 review: Approved as exact-equivalent because this legacy WordPress query-string permalink resolves to the same surviving content item at its canonical Hugo path. Launch delivery remains an accepted RHI-062 query-string limitation under Model A.
/?p=7979,/understanding-sfcc-instances/,exact-equivalent,approved,Thomas Theunen,Legacy URL redirects to /understanding-sfcc-instances/; map as merge without redirect chain. Model A exception: query-string source URLs are tracked in inventory but are not served by Hugo aliases at launch per RHI-062. RHI-064 review: Approved as exact-equivalent because this legacy WordPress query-string permalink resolves to the same surviving content item at its canonical Hugo path. Launch delivery remains an accepted RHI-062 query-string limitation under Model A.
/?p=805,/salesforce-b2c-commerce-cloud-documentation/,exact-equivalent,approved,Thomas Theunen,Legacy URL redirects to /salesforce-b2c-commerce-cloud-documentation/; map as merge without redirect chain. Model A exception: query-string source URLs are tracked in inventory but are not served by Hugo aliases at launch per RHI-062. RHI-064 review: Approved as exact-equivalent because this legacy WordPress query-string permalink resolves to the same surviving content item at its canonical Hugo path. Launch delivery remains an accepted RHI-062 query-string limitation under Model A.
/?p=8465,/the-b2c-commerce-architect-certification/,exact-equivalent,approved,Thomas Theunen,Legacy URL redirects to /the-b2c-commerce-architect-certification/; map as merge without redirect chain. Model A exception: query-string source URLs are tracked in inventory but are not served by Hugo aliases at launch per RHI-062. RHI-064 review: Approved as exact-equivalent because this legacy WordPress query-string permalink resolves to the same surviving content item at its canonical Hugo path. Launch delivery remains an accepted RHI-062 query-string limitation under Model A.
/?p=8698,/a-beginners-guide-to-webdav-in-sfcc/,exact-equivalent,approved,Thomas Theunen,Legacy URL redirects to /a-beginners-guide-to-webdav-in-sfcc/; map as merge without redirect chain. Model A exception: query-string source URLs are tracked in inventory but are not served by Hugo aliases at launch per RHI-062. RHI-064 review: Approved as exact-equivalent because this legacy WordPress query-string permalink resolves to the same surviving content item at its canonical Hugo path. Launch delivery remains an accepted RHI-062 query-string limitation under Model A.
/?p=8853,/guide-to-the-getprops-method-in-sfcc/,exact-equivalent,approved,Thomas Theunen,Legacy URL redirects to /guide-to-the-getprops-method-in-sfcc/; map as merge without redirect chain. Model A exception: query-string source URLs are tracked in inventory but are not served by Hugo aliases at launch per RHI-062. RHI-064 review: Approved as exact-equivalent because this legacy WordPress query-string permalink resolves to the same surviving content item at its canonical Hugo path. Launch delivery remains an accepted RHI-062 query-string limitation under Model A.
/?p=896,/commerce-cloud-t-shirts-on-shirtforce/,exact-equivalent,approved,Thomas Theunen,Legacy URL redirects to /commerce-cloud-t-shirts-on-shirtforce/; map as merge without redirect chain. Model A exception: query-string source URLs are tracked in inventory but are not served by Hugo aliases at launch per RHI-062. RHI-064 review: Approved as exact-equivalent because this legacy WordPress query-string permalink resolves to the same surviving content item at its canonical Hugo path. Launch delivery remains an accepted RHI-062 query-string limitation under Model A.
/?p=9054,/a-look-at-the-salesforce-b2c-commerce-cloud-23-6-release/,exact-equivalent,approved,Thomas Theunen,Legacy URL redirects to /a-look-at-the-salesforce-b2c-commerce-cloud-23-6-release/; map as merge without redirect chain. Model A exception: query-string source URLs are tracked in inventory but are not served by Hugo aliases at launch per RHI-062. RHI-064 review: Approved as exact-equivalent because this legacy WordPress query-string permalink resolves to the same surviving content item at its canonical Hugo path. Launch delivery remains an accepted RHI-062 query-string limitation under Model A.
/?p=9446,/can-a-isslot-element-have-a-dynamic-id/,exact-equivalent,approved,Thomas Theunen,Legacy URL redirects to /can-a-isslot-element-have-a-dynamic-id/; map as merge without redirect chain. Model A exception: query-string source URLs are tracked in inventory but are not served by Hugo aliases at launch per RHI-062. RHI-064 review: Approved as exact-equivalent because this legacy WordPress query-string permalink resolves to the same surviving content item at its canonical Hugo path. Launch delivery remains an accepted RHI-062 query-string limitation under Model A.
/?p=9476,/where-is-the-new-sfcc-documentation/,exact-equivalent,approved,Thomas Theunen,Legacy URL redirects to /where-is-the-new-sfcc-documentation/; map as merge without redirect chain. Model A exception: query-string source URLs are tracked in inventory but are not served by Hugo aliases at launch per RHI-062. RHI-064 review: Approved as exact-equivalent because this legacy WordPress query-string permalink resolves to the same surviving content item at its canonical Hugo path. Launch delivery remains an accepted RHI-062 query-string limitation under Model A.
/?p=9611,/ai-as-an-architect-and-content-creator/,exact-equivalent,approved,Thomas Theunen,Legacy URL redirects to /ai-as-an-architect-and-content-creator/; map as merge without redirect chain. Model A exception: query-string source URLs are tracked in inventory but are not served by Hugo aliases at launch per RHI-062. RHI-064 review: Approved as exact-equivalent because this legacy WordPress query-string permalink resolves to the same surviving content item at its canonical Hugo path. Launch delivery remains an accepted RHI-062 query-string limitation under Model A.
/?p=972,/getting-to-know-sfra-as-a-developer/,exact-equivalent,approved,Thomas Theunen,Legacy URL redirects to /getting-to-know-sfra-as-a-developer/; map as merge without redirect chain. Model A exception: query-string source URLs are tracked in inventory but are not served by Hugo aliases at launch per RHI-062. RHI-064 review: Approved as exact-equivalent because this legacy WordPress query-string permalink resolves to the same surviving content item at its canonical Hugo path. Launch delivery remains an accepted RHI-062 query-string limitation under Model A.
/?p=9752,/how-to-filter-jsdoc-in-storybook-autodocs/,exact-equivalent,approved,Thomas Theunen,Legacy URL redirects to /how-to-filter-jsdoc-in-storybook-autodocs/; map as merge without redirect chain. Model A exception: query-string source URLs are tracked in inventory but are not served by Hugo aliases at launch per RHI-062. RHI-064 review: Approved as exact-equivalent because this legacy WordPress query-string permalink resolves to the same surviving content item at its canonical Hugo path. Launch delivery remains an accepted RHI-062 query-string limitation under Model A.
/?p=9935,/a-look-at-the-23-9-commerce-cloud-release/,exact-equivalent,approved,Thomas Theunen,Legacy URL redirects to /a-look-at-the-23-9-commerce-cloud-release/; map as merge without redirect chain. Model A exception: query-string source URLs are tracked in inventory but are not served by Hugo aliases at launch per RHI-062. RHI-064 review: Approved as exact-equivalent because this legacy WordPress query-string permalink resolves to the same surviving content item at its canonical Hugo path. Launch delivery remains an accepted RHI-062 query-string limitation under Model A.
/category/external/forward/,/category/external/,consolidated-equivalent,approved,Thomas Theunen,Flatten low-signal nested external category route to the approved parent Hugo term path per SEO owner approval in RHI-045. Reclassified to Hugo alias delivery for Model A in RHI-063 after RHI-062 selected Hugo aliases as the launch redirect mechanism. RHI-064 review: Approved as consolidated-equivalent because the low-signal nested forward taxonomy route intentionally consolidates into the surviving /category/external/ landing page rather than remaining a standalone term.
/category/external/linkedin/,/category/linkedin/,exact-equivalent,approved,Thomas Theunen,Flatten nested external LinkedIn category route to the approved flat Hugo term path per SEO owner approval in RHI-045. Reclassified to Hugo alias delivery for Model A in RHI-063 after RHI-062 selected Hugo aliases as the launch redirect mechanism. RHI-064 review: Approved as exact-equivalent because the nested legacy taxonomy route is flattened to the same surviving topic term with no material change in topical intent.
/category/external/salesforce-architects-blog/,/category/salesforce-architects-blog/,exact-equivalent,approved,Thomas Theunen,Flatten nested external Salesforce Architects Blog category route to the approved flat Hugo term path per SEO owner approval in RHI-045. Reclassified to Hugo alias delivery for Model A in RHI-063 after RHI-062 selected Hugo aliases as the launch redirect mechanism. RHI-064 review: Approved as exact-equivalent because the nested legacy taxonomy route is flattened to the same surviving topic term with no material change in topical intent.
/category/external/salesforce-ben/,/category/salesforce-ben/,exact-equivalent,approved,Thomas Theunen,Flatten nested external Salesforce Ben category route to the approved flat Hugo term path per SEO owner approval in RHI-045. Reclassified to Hugo alias delivery for Model A in RHI-063 after RHI-062 selected Hugo aliases as the launch redirect mechanism. RHI-064 review: Approved as exact-equivalent because the nested legacy taxonomy route is flattened to the same surviving topic term with no material change in topical intent.
/category/salesforce-commerce-cloud/ai/,/category/ai/,exact-equivalent,approved,Thomas Theunen,Flatten nested AI category route to the approved flat Hugo term path per SEO owner approval in RHI-045. Reclassified to Hugo alias delivery for Model A in RHI-063 after RHI-062 selected Hugo aliases as the launch redirect mechanism. RHI-064 review: Approved as exact-equivalent because the nested legacy taxonomy route is flattened to the same surviving topic term with no material change in topical intent.
/category/salesforce-commerce-cloud/architecture/,/category/architecture/,exact-equivalent,approved,Thomas Theunen,Flatten nested high-value category route to the current Hugo term path per SEO owner approval in RHI-044. Reclassified to Hugo alias delivery for Model A in RHI-063 after RHI-062 selected Hugo aliases as the launch redirect mechanism. RHI-064 review: Approved as exact-equivalent because the nested legacy taxonomy route is flattened to the same surviving topic term with no material change in topical intent.
/category/salesforce-commerce-cloud/documentation/,/category/salesforce-commerce-cloud/,consolidated-equivalent,approved,Thomas Theunen,Flatten nested documentation category route to the approved broader Hugo category target per SEO owner approval in RHI-044. Reclassified to Hugo alias delivery for Model A in RHI-063 after RHI-062 selected Hugo aliases as the launch redirect mechanism. RHI-064 review: Approved as consolidated-equivalent because the nested documentation taxonomy route intentionally consolidates into the broader surviving /category/salesforce-commerce-cloud/ category rather than a one-to-one replacement.
/category/salesforce-commerce-cloud/erd/,/category/erd/,exact-equivalent,approved,Thomas Theunen,Flatten nested ERD category route to the approved flat Hugo term path per SEO owner approval in RHI-045. Reclassified to Hugo alias delivery for Model A in RHI-063 after RHI-062 selected Hugo aliases as the launch redirect mechanism. RHI-064 review: Approved as exact-equivalent because the nested legacy taxonomy route is flattened to the same surviving topic term with no material change in topical intent.
/category/salesforce-commerce-cloud/go-live/,/category/go-live/,exact-equivalent,approved,Thomas Theunen,Flatten nested high-value category route to the current Hugo term path per SEO owner approval in RHI-044. Reclassified to Hugo alias delivery for Model A in RHI-063 after RHI-062 selected Hugo aliases as the launch redirect mechanism. RHI-064 review: Approved as exact-equivalent because the nested legacy taxonomy route is flattened to the same surviving topic term with no material change in topical intent.
/category/salesforce-commerce-cloud/release-notes/,/category/release-notes/,exact-equivalent,approved,Thomas Theunen,Flatten nested high-value category route to the current Hugo term path per SEO owner approval in RHI-044. Reclassified to Hugo alias delivery for Model A in RHI-063 after RHI-062 selected Hugo aliases as the launch redirect mechanism. RHI-064 review: Approved as exact-equivalent because the nested legacy taxonomy route is flattened to the same surviving topic term with no material change in topical intent.
/category/salesforce-commerce-cloud/technical/,/category/technical/,exact-equivalent,approved,Thomas Theunen,Flatten nested technical category route to the approved flat Hugo term path per SEO owner approval in RHI-045. Reclassified to Hugo alias delivery for Model A in RHI-063 after RHI-062 selected Hugo aliases as the launch redirect mechanism. RHI-064 review: Approved as exact-equivalent because the nested legacy taxonomy route is flattened to the same surviving topic term with no material change in topical intent.
/category/video/podcasts/,/category/podcasts/,exact-equivalent,approved,Thomas Theunen,Flatten nested video podcasts category route to the approved flat Hugo term path per SEO owner approval in RHI-045. Reclassified to Hugo alias delivery for Model A in RHI-063 after RHI-062 selected Hugo aliases as the launch redirect mechanism. RHI-064 review: Approved as exact-equivalent because the nested legacy taxonomy route is flattened to the same surviving topic term with no material change in topical intent.
/category/video/sessions/,/category/sessions/,exact-equivalent,approved,Thomas Theunen,Flatten nested video sessions category route to the approved flat Hugo term path per SEO owner approval in RHI-045. Reclassified to Hugo alias delivery for Model A in RHI-063 after RHI-062 selected Hugo aliases as the launch redirect mechanism. RHI-064 review: Approved as exact-equivalent because the nested legacy taxonomy route is flattened to the same surviving topic term with no material change in topical intent.
/delta-exports-in-salesforce-b2c-commerce/,/delta-exports-in-salesforce-b2c-commerce-cloud/,exact-equivalent,approved,Thomas Theunen,"Owner-approved merge: Search Console discovered alternate legacy path consolidated into the source-backed cloud article. Reclassified to Hugo alias delivery for Model A in RHI-063 after RHI-062 selected Hugo aliases as the launch redirect mechanism. RHI-064 review: Approved as exact-equivalent because the legacy path and destination represent the same surviving page content, with only the canonical Hugo slug changing."
/feed/atom/,/feed/,consolidated-equivalent,approved,Thomas Theunen,Legacy Atom feed variant consolidates to the canonical /feed/ endpoint approved in RHI-013; Atom parity is optional and non-blocking. Reclassified to Hugo alias delivery for Model A in RHI-063 after RHI-062 selected Hugo aliases as the launch redirect mechanism. RHI-064 review: Approved as consolidated-equivalent because the legacy Atom feed variant intentionally consolidates to the canonical /feed/ endpoint under the approved Phase 2 and Phase 5 feed policy.
/feed/rss/,/feed/,exact-equivalent,approved,Thomas Theunen,Legacy feed variant consolidates to the canonical /feed/ endpoint approved in RHI-013; redirect directly with no chain. Reclassified to Hugo alias delivery for Model A in RHI-063 after RHI-062 selected Hugo aliases as the launch redirect mechanism. RHI-064 review: Approved as exact-equivalent because this legacy RSS endpoint variant resolves to the same canonical site feed served at /feed/.
/how-to-set-up-the-ecdn-for-staging-in-salesforce-b2c-commerce-cloud/,/how-to-set-up-the-ecdn-in-sfcc-staging/,exact-equivalent,approved,Thomas Theunen,"Legacy staging eCDN slug is already rewritten to the canonical SFCC staging article; merge to avoid a duplicate keep route. RHI-064 review: Approved as exact-equivalent because the legacy path and destination represent the same surviving page content, with only the canonical Hugo slug changing."
/rss/,/feed/,exact-equivalent,approved,Thomas Theunen,Legacy RSS endpoint consolidates to the canonical /feed/ endpoint approved in RHI-013 and confirmed in RHI-063. RHI-064 review: Approved as exact-equivalent because this legacy RSS endpoint variant resolves to the same canonical site feed served at /feed/.
