check_group,route,artifact,status,severity,sitemap_url,canonical_url,lastmod,finding,details
robots,/robots.txt,public/robots.txt,pass,none,,,,robots.txt contains the canonical sitemap directive.,
sitemap-url,/category/,public/sitemap.xml,pass,none,https://www.rhino-inquisitor.com/category/,https://www.rhino-inquisitor.com/category/,2026-03-09T10:00:00+00:00,"Sitemap URL is canonical, allowed, and metadata-consistent.",
sitemap-url,/pages/,public/sitemap.xml,pass,none,https://www.rhino-inquisitor.com/pages/,https://www.rhino-inquisitor.com/pages/,2026-03-09T10:00:00+00:00,"Sitemap URL is canonical, allowed, and metadata-consistent.",
sitemap-url,/phase-3-performance-baseline/,public/sitemap.xml,pass,none,https://www.rhino-inquisitor.com/phase-3-performance-baseline/,https://www.rhino-inquisitor.com/phase-3-performance-baseline/,2026-03-09T10:00:00+00:00,"Sitemap URL is canonical, allowed, and metadata-consistent.",
sitemap-url,/category/platform/,public/sitemap.xml,pass,none,https://www.rhino-inquisitor.com/category/platform/,https://www.rhino-inquisitor.com/category/platform/,2026-03-09T10:00:00+00:00,"Sitemap URL is canonical, allowed, and metadata-consistent.",
sitemap-url,/posts/,public/sitemap.xml,pass,none,https://www.rhino-inquisitor.com/posts/,https://www.rhino-inquisitor.com/posts/,2026-03-09T10:00:00+00:00,"Sitemap URL is canonical, allowed, and metadata-consistent.",
sitemap-url,/,public/sitemap.xml,pass,none,https://www.rhino-inquisitor.com/,https://www.rhino-inquisitor.com/,2026-03-09T10:00:00+00:00,"Sitemap URL is canonical, allowed, and metadata-consistent.",
sitemap-url,/scaffold-readiness/,public/sitemap.xml,pass,none,https://www.rhino-inquisitor.com/scaffold-readiness/,https://www.rhino-inquisitor.com/scaffold-readiness/,2026-03-09T10:00:00+00:00,"Sitemap URL is canonical, allowed, and metadata-consistent.",
sitemap-url,/category/architecture/,public/sitemap.xml,pass,none,https://www.rhino-inquisitor.com/category/architecture/,https://www.rhino-inquisitor.com/category/architecture/,2026-02-09T13:10:33+00:00,"Sitemap URL is canonical, allowed, and metadata-consistent.",
sitemap-url,/real-time-inventory-checks-in-sfcc/,public/sitemap.xml,pass,none,https://www.rhino-inquisitor.com/real-time-inventory-checks-in-sfcc/,https://www.rhino-inquisitor.com/real-time-inventory-checks-in-sfcc/,2026-02-09T13:10:33+00:00,"Sitemap URL is canonical, allowed, and metadata-consistent.",
sitemap-url,/category/salesforce-commerce-cloud/,public/sitemap.xml,pass,none,https://www.rhino-inquisitor.com/category/salesforce-commerce-cloud/,https://www.rhino-inquisitor.com/category/salesforce-commerce-cloud/,2026-02-09T13:10:33+00:00,"Sitemap URL is canonical, allowed, and metadata-consistent.",
sitemap-url,/a-dev-guide-to-combating-fraud-on-sfcc/,public/sitemap.xml,pass,none,https://www.rhino-inquisitor.com/a-dev-guide-to-combating-fraud-on-sfcc/,https://www.rhino-inquisitor.com/a-dev-guide-to-combating-fraud-on-sfcc/,2026-01-13T09:54:38+00:00,"Sitemap URL is canonical, allowed, and metadata-consistent.",
sitemap-url,/kickstart-guide-for-new-sfcc-developers/,public/sitemap.xml,pass,none,https://www.rhino-inquisitor.com/kickstart-guide-for-new-sfcc-developers/,https://www.rhino-inquisitor.com/kickstart-guide-for-new-sfcc-developers/,2026-01-09T12:49:20+00:00,"Sitemap URL is canonical, allowed, and metadata-consistent.",
sitemap-url,/your-definitive-mobile-app-checklist/,public/sitemap.xml,pass,none,https://www.rhino-inquisitor.com/your-definitive-mobile-app-checklist/,https://www.rhino-inquisitor.com/your-definitive-mobile-app-checklist/,2025-12-19T09:56:27+00:00,"Sitemap URL is canonical, allowed, and metadata-consistent.",
sitemap-url,/a-survival-guide-to-sfcc-platform-limits/,public/sitemap.xml,pass,none,https://www.rhino-inquisitor.com/a-survival-guide-to-sfcc-platform-limits/,https://www.rhino-inquisitor.com/a-survival-guide-to-sfcc-platform-limits/,2025-12-01T08:10:09+00:00,"Sitemap URL is canonical, allowed, and metadata-consistent.",
sitemap-url,/category/technical/,public/sitemap.xml,pass,none,https://www.rhino-inquisitor.com/category/technical/,https://www.rhino-inquisitor.com/category/technical/,2025-12-01T08:10:09+00:00,"Sitemap URL is canonical, allowed, and metadata-consistent.",
sitemap-url,/the-realm-split-field-guide-to-migrating-an-sfcc-site/,public/sitemap.xml,pass,none,https://www.rhino-inquisitor.com/the-realm-split-field-guide-to-migrating-an-sfcc-site/,https://www.rhino-inquisitor.com/the-realm-split-field-guide-to-migrating-an-sfcc-site/,2025-09-05T11:12:50+00:00,"Sitemap URL is canonical, allowed, and metadata-consistent.",
sitemap-url,/taming-the-beast-a-developers-deep-dive-into-sfcc-meta-tag-rules/,public/sitemap.xml,pass,none,https://www.rhino-inquisitor.com/taming-the-beast-a-developers-deep-dive-into-sfcc-meta-tag-rules/,https://www.rhino-inquisitor.com/taming-the-beast-a-developers-deep-dive-into-sfcc-meta-tag-rules/,2025-08-04T12:14:46+00:00,"Sitemap URL is canonical, allowed, and metadata-consistent.",
sitemap-url,/field-guide-to-custom-caches-in-sfcc/,public/sitemap.xml,pass,none,https://www.rhino-inquisitor.com/field-guide-to-custom-caches-in-sfcc/,https://www.rhino-inquisitor.com/field-guide-to-custom-caches-in-sfcc/,2025-07-28T07:37:24+00:00,"Sitemap URL is canonical, allowed, and metadata-consistent.",
sitemap-url,/slas-in-sfra-or-sitegenesis/,public/sitemap.xml,pass,none,https://www.rhino-inquisitor.com/slas-in-sfra-or-sitegenesis/,https://www.rhino-inquisitor.com/slas-in-sfra-or-sitegenesis/,2025-07-25T06:41:00+00:00,"Sitemap URL is canonical, allowed, and metadata-consistent.",
sitemap-url,/the-sfcc-guide-to-finding-pod-numbers/,public/sitemap.xml,pass,none,https://www.rhino-inquisitor.com/the-sfcc-guide-to-finding-pod-numbers/,https://www.rhino-inquisitor.com/the-sfcc-guide-to-finding-pod-numbers/,2025-07-21T05:42:08+00:00,"Sitemap URL is canonical, allowed, and metadata-consistent.",
sitemap-url,/image-ine-sfcc-dis-for-developers/,public/sitemap.xml,pass,none,https://www.rhino-inquisitor.com/image-ine-sfcc-dis-for-developers/,https://www.rhino-inquisitor.com/image-ine-sfcc-dis-for-developers/,2025-07-16T14:27:13+00:00,"Sitemap URL is canonical, allowed, and metadata-consistent.",
sitemap-url,/ai-wont-steal-your-sfcc-job-but-a-developer-using-ai-will/,public/sitemap.xml,pass,none,https://www.rhino-inquisitor.com/ai-wont-steal-your-sfcc-job-but-a-developer-using-ai-will/,https://www.rhino-inquisitor.com/ai-wont-steal-your-sfcc-job-but-a-developer-using-ai-will/,2025-07-02T21:37:51+00:00,"Sitemap URL is canonical, allowed, and metadata-consistent.",
sitemap-url,/category/community/,public/sitemap.xml,pass,none,https://www.rhino-inquisitor.com/category/community/,https://www.rhino-inquisitor.com/category/community/,2025-07-02T21:37:51+00:00,"Sitemap URL is canonical, allowed, and metadata-consistent.",
sitemap-url,/lag-to-riches-a-pwa-kit-developers-guide/,public/sitemap.xml,pass,none,https://www.rhino-inquisitor.com/lag-to-riches-a-pwa-kit-developers-guide/,https://www.rhino-inquisitor.com/lag-to-riches-a-pwa-kit-developers-guide/,2025-06-24T18:21:36+00:00,"Sitemap URL is canonical, allowed, and metadata-consistent.",
sitemap-url,/mastering-sitemaps-in-sfcc/,public/sitemap.xml,pass,none,https://www.rhino-inquisitor.com/mastering-sitemaps-in-sfcc/,https://www.rhino-inquisitor.com/mastering-sitemaps-in-sfcc/,2025-06-24T18:22:38+00:00,"Sitemap URL is canonical, allowed, and metadata-consistent.",
sitemap-url,/local-vs-shared-variation-attributes-sfcc/,public/sitemap.xml,pass,none,https://www.rhino-inquisitor.com/local-vs-shared-variation-attributes-sfcc/,https://www.rhino-inquisitor.com/local-vs-shared-variation-attributes-sfcc/,2025-04-23T07:24:17+00:00,"Sitemap URL is canonical, allowed, and metadata-consistent.",
sitemap-url,/sending-emails-from-sfcc/,public/sitemap.xml,pass,none,https://www.rhino-inquisitor.com/sending-emails-from-sfcc/,https://www.rhino-inquisitor.com/sending-emails-from-sfcc/,2024-12-11T16:13:38+00:00,"Sitemap URL is canonical, allowed, and metadata-consistent.",
sitemap-url,/storefront-protection-in-the-pwa-kit/,public/sitemap.xml,pass,none,https://www.rhino-inquisitor.com/storefront-protection-in-the-pwa-kit/,https://www.rhino-inquisitor.com/storefront-protection-in-the-pwa-kit/,2024-11-20T12:36:26+00:00,"Sitemap URL is canonical, allowed, and metadata-consistent.",
sitemap-url,/third-party-api-caching-in-commerce-cloud/,public/sitemap.xml,pass,none,https://www.rhino-inquisitor.com/third-party-api-caching-in-commerce-cloud/,https://www.rhino-inquisitor.com/third-party-api-caching-in-commerce-cloud/,2024-11-13T09:26:49+00:00,"Sitemap URL is canonical, allowed, and metadata-consistent.",
sitemap-url,/the-importance-of-origin-shielding/,public/sitemap.xml,pass,none,https://www.rhino-inquisitor.com/the-importance-of-origin-shielding/,https://www.rhino-inquisitor.com/the-importance-of-origin-shielding/,2024-11-04T08:41:59+00:00,"Sitemap URL is canonical, allowed, and metadata-consistent.",
sitemap-url,/sfcc-introduction/,public/sitemap.xml,pass,none,https://www.rhino-inquisitor.com/sfcc-introduction/,https://www.rhino-inquisitor.com/sfcc-introduction/,2024-10-28T06:53:53+00:00,"Sitemap URL is canonical, allowed, and metadata-consistent.",
sitemap-url,/category/uncategorized/,public/sitemap.xml,pass,none,https://www.rhino-inquisitor.com/category/uncategorized/,https://www.rhino-inquisitor.com/category/uncategorized/,2024-10-28T06:53:53+00:00,"Sitemap URL is canonical, allowed, and metadata-consistent.",
sitemap-url,/should-i-use-sfra-rest-endpoints-in-a-composable-storefront/,public/sitemap.xml,pass,none,https://www.rhino-inquisitor.com/should-i-use-sfra-rest-endpoints-in-a-composable-storefront/,https://www.rhino-inquisitor.com/should-i-use-sfra-rest-endpoints-in-a-composable-storefront/,2024-10-21T09:36:27+00:00,"Sitemap URL is canonical, allowed, and metadata-consistent.",
sitemap-url,/category/documentation/,public/sitemap.xml,pass,none,https://www.rhino-inquisitor.com/category/documentation/,https://www.rhino-inquisitor.com/category/documentation/,2024-10-19T16:39:11+00:00,"Sitemap URL is canonical, allowed, and metadata-consistent.",
sitemap-url,/swc-and-storybook-error-failed-to-load-native-binding/,public/sitemap.xml,pass,none,https://www.rhino-inquisitor.com/swc-and-storybook-error-failed-to-load-native-binding/,https://www.rhino-inquisitor.com/swc-and-storybook-error-failed-to-load-native-binding/,2024-10-19T16:39:11+00:00,"Sitemap URL is canonical, allowed, and metadata-consistent.",
sitemap-url,/caching-in-the-sfcc-composable-storefront/,public/sitemap.xml,pass,none,https://www.rhino-inquisitor.com/caching-in-the-sfcc-composable-storefront/,https://www.rhino-inquisitor.com/caching-in-the-sfcc-composable-storefront/,2024-10-14T12:49:23+00:00,"Sitemap URL is canonical, allowed, and metadata-consistent.",
sitemap-url,/where-to-hook-into-an-sfra-controller/,public/sitemap.xml,pass,none,https://www.rhino-inquisitor.com/where-to-hook-into-an-sfra-controller/,https://www.rhino-inquisitor.com/where-to-hook-into-an-sfra-controller/,2024-10-07T07:35:26+00:00,"Sitemap URL is canonical, allowed, and metadata-consistent.",
sitemap-url,/it-sure-has-been-quiet-on-this-blog/,public/sitemap.xml,pass,none,https://www.rhino-inquisitor.com/it-sure-has-been-quiet-on-this-blog/,https://www.rhino-inquisitor.com/it-sure-has-been-quiet-on-this-blog/,2024-08-19T06:57:31+00:00,"Sitemap URL is canonical, allowed, and metadata-consistent.",
sitemap-url,/category/release-notes/,public/sitemap.xml,pass,none,https://www.rhino-inquisitor.com/category/release-notes/,https://www.rhino-inquisitor.com/category/release-notes/,2024-07-08T07:53:46+00:00,"Sitemap URL is canonical, allowed, and metadata-consistent.",
sitemap-url,/the-latest-in-sfcc-version-24-7/,public/sitemap.xml,pass,none,https://www.rhino-inquisitor.com/the-latest-in-sfcc-version-24-7/,https://www.rhino-inquisitor.com/the-latest-in-sfcc-version-24-7/,2024-07-08T07:53:46+00:00,"Sitemap URL is canonical, allowed, and metadata-consistent.",
sitemap-url,/what-is-new-in-sfcc-24-6/,public/sitemap.xml,pass,none,https://www.rhino-inquisitor.com/what-is-new-in-sfcc-24-6/,https://www.rhino-inquisitor.com/what-is-new-in-sfcc-24-6/,2024-06-03T12:04:39+00:00,"Sitemap URL is canonical, allowed, and metadata-consistent.",
sitemap-url,/salesforce-connections-2024-and-sfcc/,public/sitemap.xml,pass,none,https://www.rhino-inquisitor.com/salesforce-connections-2024-and-sfcc/,https://www.rhino-inquisitor.com/salesforce-connections-2024-and-sfcc/,2024-05-16T09:28:17+00:00,"Sitemap URL is canonical, allowed, and metadata-consistent.",
sitemap-url,/getting-secured-with-the-24-5-salesforce-b2c-commerce-cloud-release/,public/sitemap.xml,pass,none,https://www.rhino-inquisitor.com/getting-secured-with-the-24-5-salesforce-b2c-commerce-cloud-release/,https://www.rhino-inquisitor.com/getting-secured-with-the-24-5-salesforce-b2c-commerce-cloud-release/,2024-05-06T07:48:10+00:00,"Sitemap URL is canonical, allowed, and metadata-consistent.",
sitemap-url,/the-sunsetting-of-arc300-architect-b2c-commerce-solutions/,public/sitemap.xml,pass,none,https://www.rhino-inquisitor.com/the-sunsetting-of-arc300-architect-b2c-commerce-solutions/,https://www.rhino-inquisitor.com/the-sunsetting-of-arc300-architect-b2c-commerce-solutions/,2024-04-29T07:46:01+00:00,"Sitemap URL is canonical, allowed, and metadata-consistent.",
sitemap-url,/getting-to-know-the-sfcc-24-4-release/,public/sitemap.xml,pass,none,https://www.rhino-inquisitor.com/getting-to-know-the-sfcc-24-4-release/,https://www.rhino-inquisitor.com/getting-to-know-the-sfcc-24-4-release/,2024-04-02T07:39:31+00:00,"Sitemap URL is canonical, allowed, and metadata-consistent.",
sitemap-url,/migrate-magento-passwords-using-argon2/,public/sitemap.xml,pass,none,https://www.rhino-inquisitor.com/migrate-magento-passwords-using-argon2/,https://www.rhino-inquisitor.com/migrate-magento-passwords-using-argon2/,2024-03-28T15:01:14+00:00,"Sitemap URL is canonical, allowed, and metadata-consistent.",
sitemap-url,/in-the-ring-ocapi-versus-scapi/,public/sitemap.xml,pass,none,https://www.rhino-inquisitor.com/in-the-ring-ocapi-versus-scapi/,https://www.rhino-inquisitor.com/in-the-ring-ocapi-versus-scapi/,2024-03-19T15:11:36+00:00,"Sitemap URL is canonical, allowed, and metadata-consistent.",
sitemap-url,/reflecting-on-2-years-of-blogging/,public/sitemap.xml,pass,none,https://www.rhino-inquisitor.com/reflecting-on-2-years-of-blogging/,https://www.rhino-inquisitor.com/reflecting-on-2-years-of-blogging/,2024-03-11T20:19:14+00:00,"Sitemap URL is canonical, allowed, and metadata-consistent.",
sitemap-url,/digging-into-the-b2c-commerce-cloud-24-3-release/,public/sitemap.xml,pass,none,https://www.rhino-inquisitor.com/digging-into-the-b2c-commerce-cloud-24-3-release/,https://www.rhino-inquisitor.com/digging-into-the-b2c-commerce-cloud-24-3-release/,2024-03-04T09:07:27+00:00,"Sitemap URL is canonical, allowed, and metadata-consistent.",
sitemap-url,/category/corporate/,public/sitemap.xml,pass,none,https://www.rhino-inquisitor.com/category/corporate/,https://www.rhino-inquisitor.com/category/corporate/,2024-02-26T10:26:22+00:00,"Sitemap URL is canonical, allowed, and metadata-consistent.",
sitemap-url,/the-journey-from-developer-to-architect/,public/sitemap.xml,pass,none,https://www.rhino-inquisitor.com/the-journey-from-developer-to-architect/,https://www.rhino-inquisitor.com/the-journey-from-developer-to-architect/,2024-02-26T10:26:22+00:00,"Sitemap URL is canonical, allowed, and metadata-consistent.",
sitemap-url,/how-to-load-client-side-javascript-and-css-in-sfra/,public/sitemap.xml,pass,none,https://www.rhino-inquisitor.com/how-to-load-client-side-javascript-and-css-in-sfra/,https://www.rhino-inquisitor.com/how-to-load-client-side-javascript-and-css-in-sfra/,2024-02-19T08:31:26+00:00,"Sitemap URL is canonical, allowed, and metadata-consistent.",
sitemap-url,/the-attribute-fallback-system-in-sfcc/,public/sitemap.xml,pass,none,https://www.rhino-inquisitor.com/the-attribute-fallback-system-in-sfcc/,https://www.rhino-inquisitor.com/the-attribute-fallback-system-in-sfcc/,2024-02-12T07:54:18+00:00,"Sitemap URL is canonical, allowed, and metadata-consistent.",
sitemap-url,/a-look-at-the-salesforce-b2c-commerce-cloud-24-2-release/,public/sitemap.xml,pass,none,https://www.rhino-inquisitor.com/a-look-at-the-salesforce-b2c-commerce-cloud-24-2-release/,https://www.rhino-inquisitor.com/a-look-at-the-salesforce-b2c-commerce-cloud-24-2-release/,2024-02-06T09:05:09+00:00,"Sitemap URL is canonical, allowed, and metadata-consistent.",
sitemap-url,/understanding-locale-fallback-in-sfcc/,public/sitemap.xml,pass,none,https://www.rhino-inquisitor.com/understanding-locale-fallback-in-sfcc/,https://www.rhino-inquisitor.com/understanding-locale-fallback-in-sfcc/,2024-01-31T08:11:45+00:00,"Sitemap URL is canonical, allowed, and metadata-consistent.",
sitemap-url,/three-things-to-secure-sfcc/,public/sitemap.xml,pass,none,https://www.rhino-inquisitor.com/three-things-to-secure-sfcc/,https://www.rhino-inquisitor.com/three-things-to-secure-sfcc/,2024-01-08T20:35:25+00:00,"Sitemap URL is canonical, allowed, and metadata-consistent.",
sitemap-url,/sfcc-24-1-release-a-new-year-update/,public/sitemap.xml,pass,none,https://www.rhino-inquisitor.com/sfcc-24-1-release-a-new-year-update/,https://www.rhino-inquisitor.com/sfcc-24-1-release-a-new-year-update/,2024-01-10T08:49:57+00:00,"Sitemap URL is canonical, allowed, and metadata-consistent.",
sitemap-url,/a-beginners-guide-to-webdav-in-sfcc/,public/sitemap.xml,pass,none,https://www.rhino-inquisitor.com/a-beginners-guide-to-webdav-in-sfcc/,https://www.rhino-inquisitor.com/a-beginners-guide-to-webdav-in-sfcc/,2023-12-31T19:52:11+00:00,"Sitemap URL is canonical, allowed, and metadata-consistent.",
sitemap-url,/the-move-from-sitegenesis-and-sfra-to-the-composable-storefront-as-a-developer/,public/sitemap.xml,pass,none,https://www.rhino-inquisitor.com/the-move-from-sitegenesis-and-sfra-to-the-composable-storefront-as-a-developer/,https://www.rhino-inquisitor.com/the-move-from-sitegenesis-and-sfra-to-the-composable-storefront-as-a-developer/,2023-12-24T08:02:07+00:00,"Sitemap URL is canonical, allowed, and metadata-consistent.",
sitemap-url,/unravelling-the-mystery-of-dates-in-the-ocapi/,public/sitemap.xml,pass,none,https://www.rhino-inquisitor.com/unravelling-the-mystery-of-dates-in-the-ocapi/,https://www.rhino-inquisitor.com/unravelling-the-mystery-of-dates-in-the-ocapi/,2023-12-14T12:46:21+00:00,"Sitemap URL is canonical, allowed, and metadata-consistent.",
sitemap-url,/why-circumventing-sfcc-quota-limits-is-a-bad-idea/,public/sitemap.xml,pass,none,https://www.rhino-inquisitor.com/why-circumventing-sfcc-quota-limits-is-a-bad-idea/,https://www.rhino-inquisitor.com/why-circumventing-sfcc-quota-limits-is-a-bad-idea/,2023-12-11T08:29:25+00:00,"Sitemap URL is canonical, allowed, and metadata-consistent.",
sitemap-url,/mastering-chunk-oriented-job-steps-in-salesforce-b2c-commerce-cloud/,public/sitemap.xml,pass,none,https://www.rhino-inquisitor.com/mastering-chunk-oriented-job-steps-in-salesforce-b2c-commerce-cloud/,https://www.rhino-inquisitor.com/mastering-chunk-oriented-job-steps-in-salesforce-b2c-commerce-cloud/,2025-06-25T11:58:01+00:00,"Sitemap URL is canonical, allowed, and metadata-consistent.",
sitemap-url,/leveraging-generic-mappings-in-sfcc/,public/sitemap.xml,pass,none,https://www.rhino-inquisitor.com/leveraging-generic-mappings-in-sfcc/,https://www.rhino-inquisitor.com/leveraging-generic-mappings-in-sfcc/,2023-11-27T09:29:35+00:00,"Sitemap URL is canonical, allowed, and metadata-consistent.",
sitemap-url,/slicing-versus-variation-groups-in-sfcc/,public/sitemap.xml,pass,none,https://www.rhino-inquisitor.com/slicing-versus-variation-groups-in-sfcc/,https://www.rhino-inquisitor.com/slicing-versus-variation-groups-in-sfcc/,2023-11-20T11:59:10+00:00,"Sitemap URL is canonical, allowed, and metadata-consistent.",
sitemap-url,/new-apis-and-features-for-a-headless-sfcc/,public/sitemap.xml,pass,none,https://www.rhino-inquisitor.com/new-apis-and-features-for-a-headless-sfcc/,https://www.rhino-inquisitor.com/new-apis-and-features-for-a-headless-sfcc/,2023-11-15T12:18:11+00:00,"Sitemap URL is canonical, allowed, and metadata-consistent.",
sitemap-url,/life-is-about-choices/,public/sitemap.xml,pass,none,https://www.rhino-inquisitor.com/life-is-about-choices/,https://www.rhino-inquisitor.com/life-is-about-choices/,2023-11-06T17:32:02+00:00,"Sitemap URL is canonical, allowed, and metadata-consistent.",
sitemap-url,/getting-to-know-sfra-as-a-developer/,public/sitemap.xml,pass,none,https://www.rhino-inquisitor.com/getting-to-know-sfra-as-a-developer/,https://www.rhino-inquisitor.com/getting-to-know-sfra-as-a-developer/,2023-10-31T09:11:09+00:00,"Sitemap URL is canonical, allowed, and metadata-consistent.",
sitemap-url,/an-overview-of-sfcc-global-functions/,public/sitemap.xml,pass,none,https://www.rhino-inquisitor.com/an-overview-of-sfcc-global-functions/,https://www.rhino-inquisitor.com/an-overview-of-sfcc-global-functions/,2023-10-21T18:06:29+00:00,"Sitemap URL is canonical, allowed, and metadata-consistent.",
sitemap-url,/custom-preferences-in-sfcc/,public/sitemap.xml,pass,none,https://www.rhino-inquisitor.com/custom-preferences-in-sfcc/,https://www.rhino-inquisitor.com/custom-preferences-in-sfcc/,2023-10-16T18:11:19+00:00,"Sitemap URL is canonical, allowed, and metadata-consistent.",
sitemap-url,/the-createorders-api-in-sfcc/,public/sitemap.xml,pass,none,https://www.rhino-inquisitor.com/the-createorders-api-in-sfcc/,https://www.rhino-inquisitor.com/the-createorders-api-in-sfcc/,2023-11-18T07:43:19+00:00,"Sitemap URL is canonical, allowed, and metadata-consistent.",
sitemap-url,/salesforce-b2c-commerce-cloud-23-10-release-a-comprehensive-overview/,public/sitemap.xml,pass,none,https://www.rhino-inquisitor.com/salesforce-b2c-commerce-cloud-23-10-release-a-comprehensive-overview/,https://www.rhino-inquisitor.com/salesforce-b2c-commerce-cloud-23-10-release-a-comprehensive-overview/,2023-10-02T12:35:58+00:00,"Sitemap URL is canonical, allowed, and metadata-consistent.",
sitemap-url,/chasing-clouds-catching-up-with-the-commercecrew-at-dreamforce-2023/,public/sitemap.xml,pass,none,https://www.rhino-inquisitor.com/chasing-clouds-catching-up-with-the-commercecrew-at-dreamforce-2023/,https://www.rhino-inquisitor.com/chasing-clouds-catching-up-with-the-commercecrew-at-dreamforce-2023/,2023-09-25T11:43:07+00:00,"Sitemap URL is canonical, allowed, and metadata-consistent.",
sitemap-url,/helpful-salesforce-b2c-commerce-cloud-cli-tools/,public/sitemap.xml,pass,none,https://www.rhino-inquisitor.com/helpful-salesforce-b2c-commerce-cloud-cli-tools/,https://www.rhino-inquisitor.com/helpful-salesforce-b2c-commerce-cloud-cli-tools/,2023-09-18T12:33:59+00:00,"Sitemap URL is canonical, allowed, and metadata-consistent.",
sitemap-url,/where-to-start-when-you-are-new-to-salesforce-b2c-commerce-cloud-development/,public/sitemap.xml,pass,none,https://www.rhino-inquisitor.com/where-to-start-when-you-are-new-to-salesforce-b2c-commerce-cloud-development/,https://www.rhino-inquisitor.com/where-to-start-when-you-are-new-to-salesforce-b2c-commerce-cloud-development/,2023-09-05T12:19:54+00:00,"Sitemap URL is canonical, allowed, and metadata-consistent.",
sitemap-url,/a-look-at-the-23-9-commerce-cloud-release/,public/sitemap.xml,pass,none,https://www.rhino-inquisitor.com/a-look-at-the-23-9-commerce-cloud-release/,https://www.rhino-inquisitor.com/a-look-at-the-23-9-commerce-cloud-release/,2023-08-28T07:35:45+00:00,"Sitemap URL is canonical, allowed, and metadata-consistent.",
sitemap-url,/salesforce-b2c-commerce-cloud-governance-and-quotas/,public/sitemap.xml,pass,none,https://www.rhino-inquisitor.com/salesforce-b2c-commerce-cloud-governance-and-quotas/,https://www.rhino-inquisitor.com/salesforce-b2c-commerce-cloud-governance-and-quotas/,2024-01-08T18:17:38+00:00,"Sitemap URL is canonical, allowed, and metadata-consistent.",
sitemap-url,/navigating-dates-calendars-in-sfcc/,public/sitemap.xml,pass,none,https://www.rhino-inquisitor.com/navigating-dates-calendars-in-sfcc/,https://www.rhino-inquisitor.com/navigating-dates-calendars-in-sfcc/,2023-08-15T07:44:20+00:00,"Sitemap URL is canonical, allowed, and metadata-consistent.",
sitemap-url,/category/certification/,public/sitemap.xml,pass,none,https://www.rhino-inquisitor.com/category/certification/,https://www.rhino-inquisitor.com/category/certification/,2023-08-07T12:53:11+00:00,"Sitemap URL is canonical, allowed, and metadata-consistent.",
sitemap-url,/should-i-get-javascript-developer-i-certified/,public/sitemap.xml,pass,none,https://www.rhino-inquisitor.com/should-i-get-javascript-developer-i-certified/,https://www.rhino-inquisitor.com/should-i-get-javascript-developer-i-certified/,2023-08-07T12:53:11+00:00,"Sitemap URL is canonical, allowed, and metadata-consistent.",
sitemap-url,/fetching-data-in-a-locale-with-sfcc/,public/sitemap.xml,pass,none,https://www.rhino-inquisitor.com/fetching-data-in-a-locale-with-sfcc/,https://www.rhino-inquisitor.com/fetching-data-in-a-locale-with-sfcc/,2023-07-31T08:43:08+00:00,"Sitemap URL is canonical, allowed, and metadata-consistent.",
sitemap-url,/how-to-filter-jsdoc-in-storybook-autodocs/,public/sitemap.xml,pass,none,https://www.rhino-inquisitor.com/how-to-filter-jsdoc-in-storybook-autodocs/,https://www.rhino-inquisitor.com/how-to-filter-jsdoc-in-storybook-autodocs/,2023-07-28T13:57:31+00:00,"Sitemap URL is canonical, allowed, and metadata-consistent.",
sitemap-url,/category/react/,public/sitemap.xml,pass,none,https://www.rhino-inquisitor.com/category/react/,https://www.rhino-inquisitor.com/category/react/,2023-07-28T13:57:31+00:00,"Sitemap URL is canonical, allowed, and metadata-consistent.",
sitemap-url,/what-is-new-in-the-23-8-commerce-cloud-release/,public/sitemap.xml,pass,none,https://www.rhino-inquisitor.com/what-is-new-in-the-23-8-commerce-cloud-release/,https://www.rhino-inquisitor.com/what-is-new-in-the-23-8-commerce-cloud-release/,2023-07-29T20:05:35+00:00,"Sitemap URL is canonical, allowed, and metadata-consistent.",
sitemap-url,/category/ai/,public/sitemap.xml,pass,none,https://www.rhino-inquisitor.com/category/ai/,https://www.rhino-inquisitor.com/category/ai/,2023-07-24T06:43:36+00:00,"Sitemap URL is canonical, allowed, and metadata-consistent.",
sitemap-url,/ai-as-an-architect-and-content-creator/,public/sitemap.xml,pass,none,https://www.rhino-inquisitor.com/ai-as-an-architect-and-content-creator/,https://www.rhino-inquisitor.com/ai-as-an-architect-and-content-creator/,2023-07-24T06:43:36+00:00,"Sitemap URL is canonical, allowed, and metadata-consistent.",
sitemap-url,/salesforce-commerce-cloud-products/,public/sitemap.xml,pass,none,https://www.rhino-inquisitor.com/salesforce-commerce-cloud-products/,https://www.rhino-inquisitor.com/salesforce-commerce-cloud-products/,2023-07-17T09:11:18+00:00,"Sitemap URL is canonical, allowed, and metadata-consistent.",
sitemap-url,/how-to-use-node-18-with-sfra/,public/sitemap.xml,pass,none,https://www.rhino-inquisitor.com/how-to-use-node-18-with-sfra/,https://www.rhino-inquisitor.com/how-to-use-node-18-with-sfra/,2023-07-10T08:13:58+00:00,"Sitemap URL is canonical, allowed, and metadata-consistent.",
sitemap-url,/where-is-the-new-sfcc-documentation/,public/sitemap.xml,pass,none,https://www.rhino-inquisitor.com/where-is-the-new-sfcc-documentation/,https://www.rhino-inquisitor.com/where-is-the-new-sfcc-documentation/,2023-11-29T06:47:22+00:00,"Sitemap URL is canonical, allowed, and metadata-consistent.",
sitemap-url,/can-a-isslot-element-have-a-dynamic-id/,public/sitemap.xml,pass,none,https://www.rhino-inquisitor.com/can-a-isslot-element-have-a-dynamic-id/,https://www.rhino-inquisitor.com/can-a-isslot-element-have-a-dynamic-id/,2023-06-28T18:56:00+00:00,"Sitemap URL is canonical, allowed, and metadata-consistent.",
sitemap-url,/a-deep-dive-into-the-23-7-sfcc-release/,public/sitemap.xml,pass,none,https://www.rhino-inquisitor.com/a-deep-dive-into-the-23-7-sfcc-release/,https://www.rhino-inquisitor.com/a-deep-dive-into-the-23-7-sfcc-release/,2023-06-28T07:47:14+00:00,"Sitemap URL is canonical, allowed, and metadata-consistent.",
sitemap-url,/what-skills-do-i-need-as-a-sfcc-architect/,public/sitemap.xml,pass,none,https://www.rhino-inquisitor.com/what-skills-do-i-need-as-a-sfcc-architect/,https://www.rhino-inquisitor.com/what-skills-do-i-need-as-a-sfcc-architect/,2023-06-27T08:08:03+00:00,"Sitemap URL is canonical, allowed, and metadata-consistent.",
sitemap-url,/how-to-extend-active-data-in-salesforce-b2c-commerce-cloud/,public/sitemap.xml,pass,none,https://www.rhino-inquisitor.com/how-to-extend-active-data-in-salesforce-b2c-commerce-cloud/,https://www.rhino-inquisitor.com/how-to-extend-active-data-in-salesforce-b2c-commerce-cloud/,2023-06-19T05:15:47+00:00,"Sitemap URL is canonical, allowed, and metadata-consistent.",
sitemap-url,/custom-ttf-fonts-in-pdf-for-sfcc/,public/sitemap.xml,pass,none,https://www.rhino-inquisitor.com/custom-ttf-fonts-in-pdf-for-sfcc/,https://www.rhino-inquisitor.com/custom-ttf-fonts-in-pdf-for-sfcc/,2023-06-12T08:13:03+00:00,"Sitemap URL is canonical, allowed, and metadata-consistent.",
sitemap-url,/commerce-cloud-t-shirts-on-shirtforce/,public/sitemap.xml,pass,none,https://www.rhino-inquisitor.com/commerce-cloud-t-shirts-on-shirtforce/,https://www.rhino-inquisitor.com/commerce-cloud-t-shirts-on-shirtforce/,2023-06-06T08:54:49+00:00,"Sitemap URL is canonical, allowed, and metadata-consistent.",
sitemap-url,/sfcc-url-cracking-the-code/,public/sitemap.xml,pass,none,https://www.rhino-inquisitor.com/sfcc-url-cracking-the-code/,https://www.rhino-inquisitor.com/sfcc-url-cracking-the-code/,2023-05-29T11:16:52+00:00,"Sitemap URL is canonical, allowed, and metadata-consistent.",
sitemap-url,/a-look-at-the-salesforce-b2c-commerce-cloud-23-6-release/,public/sitemap.xml,pass,none,https://www.rhino-inquisitor.com/a-look-at-the-salesforce-b2c-commerce-cloud-23-6-release/,https://www.rhino-inquisitor.com/a-look-at-the-salesforce-b2c-commerce-cloud-23-6-release/,2023-05-24T08:16:17+00:00,"Sitemap URL is canonical, allowed, and metadata-consistent.",
sitemap-url,/the-b2c-commerce-architect-certification/,public/sitemap.xml,pass,none,https://www.rhino-inquisitor.com/the-b2c-commerce-architect-certification/,https://www.rhino-inquisitor.com/the-b2c-commerce-architect-certification/,2023-05-22T07:19:06+00:00,"Sitemap URL is canonical, allowed, and metadata-consistent.",
sitemap-url,/guide-to-the-getprops-method-in-sfcc/,public/sitemap.xml,pass,none,https://www.rhino-inquisitor.com/guide-to-the-getprops-method-in-sfcc/,https://www.rhino-inquisitor.com/guide-to-the-getprops-method-in-sfcc/,2023-05-15T12:09:08+00:00,"Sitemap URL is canonical, allowed, and metadata-consistent.",
sitemap-url,/what-is-the-sfcc-managed-runtime/,public/sitemap.xml,pass,none,https://www.rhino-inquisitor.com/what-is-the-sfcc-managed-runtime/,https://www.rhino-inquisitor.com/what-is-the-sfcc-managed-runtime/,2023-05-08T13:15:51+00:00,"Sitemap URL is canonical, allowed, and metadata-consistent.",
sitemap-url,/server-side-performance-in-sfcc/,public/sitemap.xml,pass,none,https://www.rhino-inquisitor.com/server-side-performance-in-sfcc/,https://www.rhino-inquisitor.com/server-side-performance-in-sfcc/,2025-07-29T12:37:49+00:00,"Sitemap URL is canonical, allowed, and metadata-consistent.",
sitemap-url,/non-technical-sfcc-certifications/,public/sitemap.xml,pass,none,https://www.rhino-inquisitor.com/non-technical-sfcc-certifications/,https://www.rhino-inquisitor.com/non-technical-sfcc-certifications/,2023-05-02T17:31:52+00:00,"Sitemap URL is canonical, allowed, and metadata-consistent.",
sitemap-url,/a-look-at-the-sfcc-23-5-release/,public/sitemap.xml,pass,none,https://www.rhino-inquisitor.com/a-look-at-the-sfcc-23-5-release/,https://www.rhino-inquisitor.com/a-look-at-the-sfcc-23-5-release/,2023-04-23T15:28:04+00:00,"Sitemap URL is canonical, allowed, and metadata-consistent.",
sitemap-url,/understanding-sfcc-instances/,public/sitemap.xml,pass,none,https://www.rhino-inquisitor.com/understanding-sfcc-instances/,https://www.rhino-inquisitor.com/understanding-sfcc-instances/,2023-04-17T14:18:18+00:00,"Sitemap URL is canonical, allowed, and metadata-consistent.",
sitemap-url,/caching-rest-apis-in-sfcc/,public/sitemap.xml,pass,none,https://www.rhino-inquisitor.com/caching-rest-apis-in-sfcc/,https://www.rhino-inquisitor.com/caching-rest-apis-in-sfcc/,2023-04-11T08:01:28+00:00,"Sitemap URL is canonical, allowed, and metadata-consistent.",
sitemap-url,/the-request-body-in-an-sfcc-controller/,public/sitemap.xml,pass,none,https://www.rhino-inquisitor.com/the-request-body-in-an-sfcc-controller/,https://www.rhino-inquisitor.com/the-request-body-in-an-sfcc-controller/,2023-04-03T06:57:14+00:00,"Sitemap URL is canonical, allowed, and metadata-consistent.",
sitemap-url,/salesforce-payments-experience-explained/,public/sitemap.xml,pass,none,https://www.rhino-inquisitor.com/salesforce-payments-experience-explained/,https://www.rhino-inquisitor.com/salesforce-payments-experience-explained/,2023-03-31T07:19:52+00:00,"Sitemap URL is canonical, allowed, and metadata-consistent.",
sitemap-url,/a-new-day-for-commerce-recap/,public/sitemap.xml,pass,none,https://www.rhino-inquisitor.com/a-new-day-for-commerce-recap/,https://www.rhino-inquisitor.com/a-new-day-for-commerce-recap/,2023-03-21T09:44:52+00:00,"Sitemap URL is canonical, allowed, and metadata-consistent.",
sitemap-url,/everything-new-in-sfcc-23-4/,public/sitemap.xml,pass,none,https://www.rhino-inquisitor.com/everything-new-in-sfcc-23-4/,https://www.rhino-inquisitor.com/everything-new-in-sfcc-23-4/,2023-03-15T19:51:03+00:00,"Sitemap URL is canonical, allowed, and metadata-consistent.",
sitemap-url,/ai-automation-to-augmentation-at-work/,public/sitemap.xml,pass,none,https://www.rhino-inquisitor.com/ai-automation-to-augmentation-at-work/,https://www.rhino-inquisitor.com/ai-automation-to-augmentation-at-work/,2023-03-15T07:28:13+00:00,"Sitemap URL is canonical, allowed, and metadata-consistent.",
sitemap-url,/cookie-policy-eu/,public/sitemap.xml,pass,none,https://www.rhino-inquisitor.com/cookie-policy-eu/,https://www.rhino-inquisitor.com/cookie-policy-eu/,2023-03-06T13:35:03+00:00,"Sitemap URL is canonical, allowed, and metadata-consistent.",
sitemap-url,/category/erd/,public/sitemap.xml,pass,none,https://www.rhino-inquisitor.com/category/erd/,https://www.rhino-inquisitor.com/category/erd/,2023-12-04T13:38:39+00:00,"Sitemap URL is canonical, allowed, and metadata-consistent.",
sitemap-url,/sfcc-basket-order-erd/,public/sitemap.xml,pass,none,https://www.rhino-inquisitor.com/sfcc-basket-order-erd/,https://www.rhino-inquisitor.com/sfcc-basket-order-erd/,2023-03-06T06:49:17+00:00,"Sitemap URL is canonical, allowed, and metadata-consistent.",
sitemap-url,/b2c-commerce-cloud-campaign-erd/,public/sitemap.xml,pass,none,https://www.rhino-inquisitor.com/b2c-commerce-cloud-campaign-erd/,https://www.rhino-inquisitor.com/b2c-commerce-cloud-campaign-erd/,2023-02-27T18:57:17+00:00,"Sitemap URL is canonical, allowed, and metadata-consistent.",
sitemap-url,/salesforce-b2c-commerce-cloud-erd/,public/sitemap.xml,pass,none,https://www.rhino-inquisitor.com/salesforce-b2c-commerce-cloud-erd/,https://www.rhino-inquisitor.com/salesforce-b2c-commerce-cloud-erd/,2023-12-04T13:38:39+00:00,"Sitemap URL is canonical, allowed, and metadata-consistent.",
sitemap-url,/salesforce-b2c-commerce-cloud-content-erd/,public/sitemap.xml,pass,none,https://www.rhino-inquisitor.com/salesforce-b2c-commerce-cloud-content-erd/,https://www.rhino-inquisitor.com/salesforce-b2c-commerce-cloud-content-erd/,2023-02-26T17:52:51+00:00,"Sitemap URL is canonical, allowed, and metadata-consistent.",
sitemap-url,/salesforce-b2c-commerce-cloud-23-3-release/,public/sitemap.xml,pass,none,https://www.rhino-inquisitor.com/salesforce-b2c-commerce-cloud-23-3-release/,https://www.rhino-inquisitor.com/salesforce-b2c-commerce-cloud-23-3-release/,2023-02-15T14:19:11+00:00,"Sitemap URL is canonical, allowed, and metadata-consistent.",
sitemap-url,/salesforce-b2c-commerce-cloud-catalog-erd/,public/sitemap.xml,pass,none,https://www.rhino-inquisitor.com/salesforce-b2c-commerce-cloud-catalog-erd/,https://www.rhino-inquisitor.com/salesforce-b2c-commerce-cloud-catalog-erd/,2023-02-26T17:51:47+00:00,"Sitemap URL is canonical, allowed, and metadata-consistent.",
sitemap-url,/salesforce-b2c-commerce-cloud-customer-erd/,public/sitemap.xml,pass,none,https://www.rhino-inquisitor.com/salesforce-b2c-commerce-cloud-customer-erd/,https://www.rhino-inquisitor.com/salesforce-b2c-commerce-cloud-customer-erd/,2023-02-26T18:09:36+00:00,"Sitemap URL is canonical, allowed, and metadata-consistent.",
sitemap-url,/what-does-the-composable-storefront-mean-for-sfcc-developers/,public/sitemap.xml,pass,none,https://www.rhino-inquisitor.com/what-does-the-composable-storefront-mean-for-sfcc-developers/,https://www.rhino-inquisitor.com/what-does-the-composable-storefront-mean-for-sfcc-developers/,2023-01-30T18:11:48+00:00,"Sitemap URL is canonical, allowed, and metadata-consistent.",
sitemap-url,/how-to-get-salesforce-certification-vouchers/,public/sitemap.xml,pass,none,https://www.rhino-inquisitor.com/how-to-get-salesforce-certification-vouchers/,https://www.rhino-inquisitor.com/how-to-get-salesforce-certification-vouchers/,2023-01-24T15:14:57+00:00,"Sitemap URL is canonical, allowed, and metadata-consistent.",
sitemap-url,/salesforce-b2c-commerce-cloud-23-2/,public/sitemap.xml,pass,none,https://www.rhino-inquisitor.com/salesforce-b2c-commerce-cloud-23-2/,https://www.rhino-inquisitor.com/salesforce-b2c-commerce-cloud-23-2/,2023-01-20T15:36:31+00:00,"Sitemap URL is canonical, allowed, and metadata-consistent.",
sitemap-url,/how-to-set-up-slas-for-the-composable-storefront/,public/sitemap.xml,pass,none,https://www.rhino-inquisitor.com/how-to-set-up-slas-for-the-composable-storefront/,https://www.rhino-inquisitor.com/how-to-set-up-slas-for-the-composable-storefront/,2023-01-16T08:12:55+00:00,"Sitemap URL is canonical, allowed, and metadata-consistent.",
sitemap-url,/category/salesforce-platform/,public/sitemap.xml,pass,none,https://www.rhino-inquisitor.com/category/salesforce-platform/,https://www.rhino-inquisitor.com/category/salesforce-platform/,2023-02-26T17:38:41+00:00,"Sitemap URL is canonical, allowed, and metadata-consistent.",
sitemap-url,/simplifying-the-salesforce-order-of-execution/,public/sitemap.xml,pass,none,https://www.rhino-inquisitor.com/simplifying-the-salesforce-order-of-execution/,https://www.rhino-inquisitor.com/simplifying-the-salesforce-order-of-execution/,2023-02-26T17:38:41+00:00,"Sitemap URL is canonical, allowed, and metadata-consistent.",
sitemap-url,/submitting-a-file-to-a-third-party-service-in-sfcc/,public/sitemap.xml,pass,none,https://www.rhino-inquisitor.com/submitting-a-file-to-a-third-party-service-in-sfcc/,https://www.rhino-inquisitor.com/submitting-a-file-to-a-third-party-service-in-sfcc/,2022-12-29T18:02:41+00:00,"Sitemap URL is canonical, allowed, and metadata-consistent.",
sitemap-url,/what-can-i-use-chatgpt-for-when-working-with-salesforce/,public/sitemap.xml,pass,none,https://www.rhino-inquisitor.com/what-can-i-use-chatgpt-for-when-working-with-salesforce/,https://www.rhino-inquisitor.com/what-can-i-use-chatgpt-for-when-working-with-salesforce/,2022-12-25T15:23:41+00:00,"Sitemap URL is canonical, allowed, and metadata-consistent.",
sitemap-url,/salesforce-b2c-commerce-cloud-23-1/,public/sitemap.xml,pass,none,https://www.rhino-inquisitor.com/salesforce-b2c-commerce-cloud-23-1/,https://www.rhino-inquisitor.com/salesforce-b2c-commerce-cloud-23-1/,2023-03-01T18:52:05+00:00,"Sitemap URL is canonical, allowed, and metadata-consistent.",
sitemap-url,/the-move-from-on-site-to-remote/,public/sitemap.xml,pass,none,https://www.rhino-inquisitor.com/the-move-from-on-site-to-remote/,https://www.rhino-inquisitor.com/the-move-from-on-site-to-remote/,2023-01-15T08:46:26+00:00,"Sitemap URL is canonical, allowed, and metadata-consistent.",
sitemap-url,/podcasts-for-salesforce-b2c-commerce-cloud/,public/sitemap.xml,pass,none,https://www.rhino-inquisitor.com/podcasts-for-salesforce-b2c-commerce-cloud/,https://www.rhino-inquisitor.com/podcasts-for-salesforce-b2c-commerce-cloud/,2022-12-08T12:44:02+00:00,"Sitemap URL is canonical, allowed, and metadata-consistent.",
sitemap-url,/salesforce-b2c-commerce-cloud-november-2022-updates/,public/sitemap.xml,pass,none,https://www.rhino-inquisitor.com/salesforce-b2c-commerce-cloud-november-2022-updates/,https://www.rhino-inquisitor.com/salesforce-b2c-commerce-cloud-november-2022-updates/,2022-11-29T10:33:29+00:00,"Sitemap URL is canonical, allowed, and metadata-consistent.",
sitemap-url,/is-salesforce-certification-worth-it/,public/sitemap.xml,pass,none,https://www.rhino-inquisitor.com/is-salesforce-certification-worth-it/,https://www.rhino-inquisitor.com/is-salesforce-certification-worth-it/,2023-02-15T20:40:06+00:00,"Sitemap URL is canonical, allowed, and metadata-consistent.",
sitemap-url,/how-to-change-the-code-compatibility-mode-in-salesforce-b2c-commerce-cloud/,public/sitemap.xml,pass,none,https://www.rhino-inquisitor.com/how-to-change-the-code-compatibility-mode-in-salesforce-b2c-commerce-cloud/,https://www.rhino-inquisitor.com/how-to-change-the-code-compatibility-mode-in-salesforce-b2c-commerce-cloud/,2022-11-19T09:06:30+00:00,"Sitemap URL is canonical, allowed, and metadata-consistent.",
sitemap-url,/how-to-set-up-the-ecdn-in-sfcc-staging/,public/sitemap.xml,pass,none,https://www.rhino-inquisitor.com/how-to-set-up-the-ecdn-in-sfcc-staging/,https://www.rhino-inquisitor.com/how-to-set-up-the-ecdn-in-sfcc-staging/,2024-10-14T16:50:08+00:00,"Sitemap URL is canonical, allowed, and metadata-consistent.",
sitemap-url,/offline/,public/sitemap.xml,pass,none,https://www.rhino-inquisitor.com/offline/,https://www.rhino-inquisitor.com/offline/,2022-11-01T16:56:37+00:00,"Sitemap URL is canonical, allowed, and metadata-consistent.",
sitemap-url,/how-to-use-ocapi-scapi-hooks/,public/sitemap.xml,pass,none,https://www.rhino-inquisitor.com/how-to-use-ocapi-scapi-hooks/,https://www.rhino-inquisitor.com/how-to-use-ocapi-scapi-hooks/,2025-07-29T12:47:51+00:00,"Sitemap URL is canonical, allowed, and metadata-consistent.",
sitemap-url,/salesforce-b2c-commerce-cloud-october-updates/,public/sitemap.xml,pass,none,https://www.rhino-inquisitor.com/salesforce-b2c-commerce-cloud-october-updates/,https://www.rhino-inquisitor.com/salesforce-b2c-commerce-cloud-october-updates/,2022-10-24T17:52:28+00:00,"Sitemap URL is canonical, allowed, and metadata-consistent.",
sitemap-url,/category/go-live/,public/sitemap.xml,pass,none,https://www.rhino-inquisitor.com/category/go-live/,https://www.rhino-inquisitor.com/category/go-live/,2022-11-19T10:02:48+00:00,"Sitemap URL is canonical, allowed, and metadata-consistent.",
sitemap-url,/lets-go-live-customer-migration/,public/sitemap.xml,pass,none,https://www.rhino-inquisitor.com/lets-go-live-customer-migration/,https://www.rhino-inquisitor.com/lets-go-live-customer-migration/,2022-10-17T17:53:18+00:00,"Sitemap URL is canonical, allowed, and metadata-consistent.",
sitemap-url,/what-is-commerce-on-core/,public/sitemap.xml,pass,none,https://www.rhino-inquisitor.com/what-is-commerce-on-core/,https://www.rhino-inquisitor.com/what-is-commerce-on-core/,2023-02-08T18:02:55+00:00,"Sitemap URL is canonical, allowed, and metadata-consistent.",
sitemap-url,/office-hours-for-salesforce-b2c-commerce-cloud/,public/sitemap.xml,pass,none,https://www.rhino-inquisitor.com/office-hours-for-salesforce-b2c-commerce-cloud/,https://www.rhino-inquisitor.com/office-hours-for-salesforce-b2c-commerce-cloud/,2022-10-03T18:06:22+00:00,"Sitemap URL is canonical, allowed, and metadata-consistent.",
sitemap-url,/salesforce-b2c-commerce-cloud-22-10/,public/sitemap.xml,pass,none,https://www.rhino-inquisitor.com/salesforce-b2c-commerce-cloud-22-10/,https://www.rhino-inquisitor.com/salesforce-b2c-commerce-cloud-22-10/,2022-10-03T11:59:36+00:00,"Sitemap URL is canonical, allowed, and metadata-consistent.",
sitemap-url,/ai-einstein-in-salesforce-b2c-commerce-cloud/,public/sitemap.xml,pass,none,https://www.rhino-inquisitor.com/ai-einstein-in-salesforce-b2c-commerce-cloud/,https://www.rhino-inquisitor.com/ai-einstein-in-salesforce-b2c-commerce-cloud/,2025-03-12T11:00:54+00:00,"Sitemap URL is canonical, allowed, and metadata-consistent.",
sitemap-url,/helpful-salesforce-b2c-commerce-cloud-cartridges/,public/sitemap.xml,pass,none,https://www.rhino-inquisitor.com/helpful-salesforce-b2c-commerce-cloud-cartridges/,https://www.rhino-inquisitor.com/helpful-salesforce-b2c-commerce-cloud-cartridges/,2022-09-20T06:31:08+00:00,"Sitemap URL is canonical, allowed, and metadata-consistent.",
sitemap-url,/a-new-commerce-cloud-community-in-town/,public/sitemap.xml,pass,none,https://www.rhino-inquisitor.com/a-new-commerce-cloud-community-in-town/,https://www.rhino-inquisitor.com/a-new-commerce-cloud-community-in-town/,2022-09-12T17:52:21+00:00,"Sitemap URL is canonical, allowed, and metadata-consistent.",
sitemap-url,/inside-the-ohana/,public/sitemap.xml,pass,none,https://www.rhino-inquisitor.com/inside-the-ohana/,https://www.rhino-inquisitor.com/inside-the-ohana/,2022-09-11T08:36:40+00:00,"Sitemap URL is canonical, allowed, and metadata-consistent.",
sitemap-url,/category/podcasts/,public/sitemap.xml,pass,none,https://www.rhino-inquisitor.com/category/podcasts/,https://www.rhino-inquisitor.com/category/podcasts/,2022-09-11T16:31:42+00:00,"Sitemap URL is canonical, allowed, and metadata-consistent.",
sitemap-url,/category/video/,public/sitemap.xml,pass,none,https://www.rhino-inquisitor.com/category/video/,https://www.rhino-inquisitor.com/category/video/,2022-09-11T16:31:42+00:00,"Sitemap URL is canonical, allowed, and metadata-consistent.",
sitemap-url,/life-with-goldie/,public/sitemap.xml,pass,none,https://www.rhino-inquisitor.com/life-with-goldie/,https://www.rhino-inquisitor.com/life-with-goldie/,2022-09-11T16:31:42+00:00,"Sitemap URL is canonical, allowed, and metadata-consistent.",
sitemap-url,/headless/,public/sitemap.xml,pass,none,https://www.rhino-inquisitor.com/headless/,https://www.rhino-inquisitor.com/headless/,2022-09-11T08:23:01+00:00,"Sitemap URL is canonical, allowed, and metadata-consistent.",
sitemap-url,/the-path-to-being-an-architect/,public/sitemap.xml,pass,none,https://www.rhino-inquisitor.com/the-path-to-being-an-architect/,https://www.rhino-inquisitor.com/the-path-to-being-an-architect/,2022-09-11T07:50:23+00:00,"Sitemap URL is canonical, allowed, and metadata-consistent.",
sitemap-url,/me-myself-and-headless-a-composable-commerce-cloud-story/,public/sitemap.xml,pass,none,https://www.rhino-inquisitor.com/me-myself-and-headless-a-composable-commerce-cloud-story/,https://www.rhino-inquisitor.com/me-myself-and-headless-a-composable-commerce-cloud-story/,2022-09-11T07:34:06+00:00,"Sitemap URL is canonical, allowed, and metadata-consistent.",
sitemap-url,/category/sessions/,public/sitemap.xml,pass,none,https://www.rhino-inquisitor.com/category/sessions/,https://www.rhino-inquisitor.com/category/sessions/,2022-09-11T07:34:06+00:00,"Sitemap URL is canonical, allowed, and metadata-consistent.",
sitemap-url,/connecting-the-clouds-wedding-or-funeral/,public/sitemap.xml,pass,none,https://www.rhino-inquisitor.com/connecting-the-clouds-wedding-or-funeral/,https://www.rhino-inquisitor.com/connecting-the-clouds-wedding-or-funeral/,2022-09-10T20:12:59+00:00,"Sitemap URL is canonical, allowed, and metadata-consistent.",
sitemap-url,/a-look-back-at-origin-shielding/,public/sitemap.xml,pass,none,https://www.rhino-inquisitor.com/a-look-back-at-origin-shielding/,https://www.rhino-inquisitor.com/a-look-back-at-origin-shielding/,2022-09-07T19:53:35+00:00,"Sitemap URL is canonical, allowed, and metadata-consistent.",
sitemap-url,/lets-go-live-seo/,public/sitemap.xml,pass,none,https://www.rhino-inquisitor.com/lets-go-live-seo/,https://www.rhino-inquisitor.com/lets-go-live-seo/,2022-11-19T10:02:48+00:00,"Sitemap URL is canonical, allowed, and metadata-consistent.",
sitemap-url,/the-deprecation-of-the-uuid-token-for-api-clients/,public/sitemap.xml,pass,none,https://www.rhino-inquisitor.com/the-deprecation-of-the-uuid-token-for-api-clients/,https://www.rhino-inquisitor.com/the-deprecation-of-the-uuid-token-for-api-clients/,2023-03-03T12:25:16+00:00,"Sitemap URL is canonical, allowed, and metadata-consistent.",
sitemap-url,/20-years-of-dreamforce/,public/sitemap.xml,pass,none,https://www.rhino-inquisitor.com/20-years-of-dreamforce/,https://www.rhino-inquisitor.com/20-years-of-dreamforce/,2022-11-19T10:06:22+00:00,"Sitemap URL is canonical, allowed, and metadata-consistent.",
sitemap-url,/the-salesforce-b2c-commerce-cloud-environment/,public/sitemap.xml,pass,none,https://www.rhino-inquisitor.com/the-salesforce-b2c-commerce-cloud-environment/,https://www.rhino-inquisitor.com/the-salesforce-b2c-commerce-cloud-environment/,2022-08-23T07:19:42+00:00,"Sitemap URL is canonical, allowed, and metadata-consistent.",
sitemap-url,/salesforce-b2c-commerce-cloud-22-9-release/,public/sitemap.xml,pass,none,https://www.rhino-inquisitor.com/salesforce-b2c-commerce-cloud-22-9-release/,https://www.rhino-inquisitor.com/salesforce-b2c-commerce-cloud-22-9-release/,2022-08-18T08:09:00+00:00,"Sitemap URL is canonical, allowed, and metadata-consistent.",
sitemap-url,/what-is-the-ocapi-session-bridge/,public/sitemap.xml,pass,none,https://www.rhino-inquisitor.com/what-is-the-ocapi-session-bridge/,https://www.rhino-inquisitor.com/what-is-the-ocapi-session-bridge/,2023-12-07T10:36:32+00:00,"Sitemap URL is canonical, allowed, and metadata-consistent.",
sitemap-url,/what-is-oci-omnichannel-inventory/,public/sitemap.xml,pass,none,https://www.rhino-inquisitor.com/what-is-oci-omnichannel-inventory/,https://www.rhino-inquisitor.com/what-is-oci-omnichannel-inventory/,2022-11-19T10:09:21+00:00,"Sitemap URL is canonical, allowed, and metadata-consistent.",
sitemap-url,/lets-go-live-ecdn/,public/sitemap.xml,pass,none,https://www.rhino-inquisitor.com/lets-go-live-ecdn/,https://www.rhino-inquisitor.com/lets-go-live-ecdn/,2022-08-05T07:52:02+00:00,"Sitemap URL is canonical, allowed, and metadata-consistent.",
sitemap-url,/delta-exports-in-salesforce-b2c-commerce-cloud/,public/sitemap.xml,pass,none,https://www.rhino-inquisitor.com/delta-exports-in-salesforce-b2c-commerce-cloud/,https://www.rhino-inquisitor.com/delta-exports-in-salesforce-b2c-commerce-cloud/,2022-09-10T04:43:39+00:00,"Sitemap URL is canonical, allowed, and metadata-consistent.",
sitemap-url,/salesforce-b2c-commerce-cloud-22-8/,public/sitemap.xml,pass,none,https://www.rhino-inquisitor.com/salesforce-b2c-commerce-cloud-22-8/,https://www.rhino-inquisitor.com/salesforce-b2c-commerce-cloud-22-8/,2022-07-25T14:32:45+00:00,"Sitemap URL is canonical, allowed, and metadata-consistent.",
sitemap-url,/sitegenesis-vs-sfra-vs-pwa/,public/sitemap.xml,pass,none,https://www.rhino-inquisitor.com/sitegenesis-vs-sfra-vs-pwa/,https://www.rhino-inquisitor.com/sitegenesis-vs-sfra-vs-pwa/,2023-03-30T07:02:37+00:00,"Sitemap URL is canonical, allowed, and metadata-consistent.",
sitemap-url,/creating-custom-ocapi-endpoints/,public/sitemap.xml,pass,none,https://www.rhino-inquisitor.com/creating-custom-ocapi-endpoints/,https://www.rhino-inquisitor.com/creating-custom-ocapi-endpoints/,2023-09-26T09:54:35+00:00,"Sitemap URL is canonical, allowed, and metadata-consistent.",
sitemap-url,/community-salesforce-events-and-commerce-cloud/,public/sitemap.xml,pass,none,https://www.rhino-inquisitor.com/community-salesforce-events-and-commerce-cloud/,https://www.rhino-inquisitor.com/community-salesforce-events-and-commerce-cloud/,2022-07-23T19:15:14+00:00,"Sitemap URL is canonical, allowed, and metadata-consistent.",
sitemap-url,/how-to-setup-oauth-jwt-for-the-ocapi/,public/sitemap.xml,pass,none,https://www.rhino-inquisitor.com/how-to-setup-oauth-jwt-for-the-ocapi/,https://www.rhino-inquisitor.com/how-to-setup-oauth-jwt-for-the-ocapi/,2022-07-23T19:16:34+00:00,"Sitemap URL is canonical, allowed, and metadata-consistent.",
sitemap-url,/events-and-the-golden-hoodie/,public/sitemap.xml,pass,none,https://www.rhino-inquisitor.com/events-and-the-golden-hoodie/,https://www.rhino-inquisitor.com/events-and-the-golden-hoodie/,2022-07-23T21:41:31+00:00,"Sitemap URL is canonical, allowed, and metadata-consistent.",
sitemap-url,/salesforce-b2c-commerce-cloud-the-22-7-release/,public/sitemap.xml,pass,none,https://www.rhino-inquisitor.com/salesforce-b2c-commerce-cloud-the-22-7-release/,https://www.rhino-inquisitor.com/salesforce-b2c-commerce-cloud-the-22-7-release/,2022-07-23T21:59:53+00:00,"Sitemap URL is canonical, allowed, and metadata-consistent.",
sitemap-url,/preparing-for-the-b2c-commerce-developer-certification/,public/sitemap.xml,pass,none,https://www.rhino-inquisitor.com/preparing-for-the-b2c-commerce-developer-certification/,https://www.rhino-inquisitor.com/preparing-for-the-b2c-commerce-developer-certification/,2022-11-19T10:18:39+00:00,"Sitemap URL is canonical, allowed, and metadata-consistent.",
sitemap-url,/get-connected-at-salesforce-connections-2022/,public/sitemap.xml,pass,none,https://www.rhino-inquisitor.com/get-connected-at-salesforce-connections-2022/,https://www.rhino-inquisitor.com/get-connected-at-salesforce-connections-2022/,2022-07-23T21:49:51+00:00,"Sitemap URL is canonical, allowed, and metadata-consistent.",
sitemap-url,/submit-multipart-form-data-to-a-third-party-service-in-sfcc/,public/sitemap.xml,pass,none,https://www.rhino-inquisitor.com/submit-multipart-form-data-to-a-third-party-service-in-sfcc/,https://www.rhino-inquisitor.com/submit-multipart-form-data-to-a-third-party-service-in-sfcc/,2022-07-23T22:01:29+00:00,"Sitemap URL is canonical, allowed, and metadata-consistent.",
sitemap-url,/salesforce-b2c-commerce-the-22-6-release/,public/sitemap.xml,pass,none,https://www.rhino-inquisitor.com/salesforce-b2c-commerce-the-22-6-release/,https://www.rhino-inquisitor.com/salesforce-b2c-commerce-the-22-6-release/,2022-07-23T21:54:27+00:00,"Sitemap URL is canonical, allowed, and metadata-consistent.",
sitemap-url,/salesforce-b2c-commerce-cloud-documentation/,public/sitemap.xml,pass,none,https://www.rhino-inquisitor.com/salesforce-b2c-commerce-cloud-documentation/,https://www.rhino-inquisitor.com/salesforce-b2c-commerce-cloud-documentation/,2025-08-06T20:01:22+00:00,"Sitemap URL is canonical, allowed, and metadata-consistent.",
sitemap-url,/community-repositories/,public/sitemap.xml,pass,none,https://www.rhino-inquisitor.com/community-repositories/,https://www.rhino-inquisitor.com/community-repositories/,2023-02-15T14:08:10+00:00,"Sitemap URL is canonical, allowed, and metadata-consistent.",
sitemap-url,/secure-coding-in-salesforce-b2c-commerce-cloud/,public/sitemap.xml,pass,none,https://www.rhino-inquisitor.com/secure-coding-in-salesforce-b2c-commerce-cloud/,https://www.rhino-inquisitor.com/secure-coding-in-salesforce-b2c-commerce-cloud/,2022-07-23T21:36:32+00:00,"Sitemap URL is canonical, allowed, and metadata-consistent.",
sitemap-url,/trailblazerdx-2022-for-b2c-commerce/,public/sitemap.xml,pass,none,https://www.rhino-inquisitor.com/trailblazerdx-2022-for-b2c-commerce/,https://www.rhino-inquisitor.com/trailblazerdx-2022-for-b2c-commerce/,2022-07-23T22:03:54+00:00,"Sitemap URL is canonical, allowed, and metadata-consistent.",
sitemap-url,/salesforce-b2c-commerce-the-22-5-release/,public/sitemap.xml,pass,none,https://www.rhino-inquisitor.com/salesforce-b2c-commerce-the-22-5-release/,https://www.rhino-inquisitor.com/salesforce-b2c-commerce-the-22-5-release/,2022-07-23T21:51:46+00:00,"Sitemap URL is canonical, allowed, and metadata-consistent.",
sitemap-url,/certifications-for-salesforce-b2c-commerce-cloud/,public/sitemap.xml,pass,none,https://www.rhino-inquisitor.com/certifications-for-salesforce-b2c-commerce-cloud/,https://www.rhino-inquisitor.com/certifications-for-salesforce-b2c-commerce-cloud/,2022-07-23T21:58:17+00:00,"Sitemap URL is canonical, allowed, and metadata-consistent.",
sitemap-url,/how-to-get-a-salesforce-b2c-commerce-cloud-sandbox/,public/sitemap.xml,pass,none,https://www.rhino-inquisitor.com/how-to-get-a-salesforce-b2c-commerce-cloud-sandbox/,https://www.rhino-inquisitor.com/how-to-get-a-salesforce-b2c-commerce-cloud-sandbox/,2022-12-20T16:23:36+00:00,"Sitemap URL is canonical, allowed, and metadata-consistent.",
sitemap-url,/versioning-of-content-assets/,public/sitemap.xml,pass,none,https://www.rhino-inquisitor.com/versioning-of-content-assets/,https://www.rhino-inquisitor.com/versioning-of-content-assets/,2022-03-27T06:52:42+00:00,"Sitemap URL is canonical, allowed, and metadata-consistent.",
sitemap-url,/video/,public/sitemap.xml,pass,none,https://www.rhino-inquisitor.com/video/,https://www.rhino-inquisitor.com/video/,2022-08-16T17:25:15+00:00,"Sitemap URL is canonical, allowed, and metadata-consistent.",
sitemap-url,/b2c-commerce-whats-new-in-22-4/,public/sitemap.xml,pass,none,https://www.rhino-inquisitor.com/b2c-commerce-whats-new-in-22-4/,https://www.rhino-inquisitor.com/b2c-commerce-whats-new-in-22-4/,2022-07-23T21:46:22+00:00,"Sitemap URL is canonical, allowed, and metadata-consistent.",
sitemap-url,/mail-attachments-in-b2c-commerce-cloud/,public/sitemap.xml,pass,none,https://www.rhino-inquisitor.com/mail-attachments-in-b2c-commerce-cloud/,https://www.rhino-inquisitor.com/mail-attachments-in-b2c-commerce-cloud/,2025-07-16T14:10:47+00:00,"Sitemap URL is canonical, allowed, and metadata-consistent.",
sitemap-url,/b2c-commerce-whats-new-in-the-22-3-release/,public/sitemap.xml,pass,none,https://www.rhino-inquisitor.com/b2c-commerce-whats-new-in-the-22-3-release/,https://www.rhino-inquisitor.com/b2c-commerce-whats-new-in-the-22-3-release/,2022-07-23T21:43:46+00:00,"Sitemap URL is canonical, allowed, and metadata-consistent.",
sitemap-url,/ideas/page-designer-dynamic-pages-optional-subcategories/,public/sitemap.xml,pass,none,https://www.rhino-inquisitor.com/ideas/page-designer-dynamic-pages-optional-subcategories/,https://www.rhino-inquisitor.com/ideas/page-designer-dynamic-pages-optional-subcategories/,2022-03-06T08:51:38+00:00,"Sitemap URL is canonical, allowed, and metadata-consistent.",
sitemap-url,/ideas/page-designer-add-ability-to-copy-paste-components/,public/sitemap.xml,pass,none,https://www.rhino-inquisitor.com/ideas/page-designer-add-ability-to-copy-paste-components/,https://www.rhino-inquisitor.com/ideas/page-designer-add-ability-to-copy-paste-components/,2022-10-15T07:02:04+00:00,"Sitemap URL is canonical, allowed, and metadata-consistent.",
sitemap-url,/ideas/,public/sitemap.xml,pass,none,https://www.rhino-inquisitor.com/ideas/,https://www.rhino-inquisitor.com/ideas/,2022-02-28T17:38:05+00:00,"Sitemap URL is canonical, allowed, and metadata-consistent.",
sitemap-url,/archive/,public/sitemap.xml,pass,none,https://www.rhino-inquisitor.com/archive/,https://www.rhino-inquisitor.com/archive/,2023-12-04T13:31:47+00:00,"Sitemap URL is canonical, allowed, and metadata-consistent.",
sitemap-url,/the-state-of-ohana-for-salesforce-commerce-cloud/,public/sitemap.xml,pass,none,https://www.rhino-inquisitor.com/the-state-of-ohana-for-salesforce-commerce-cloud/,https://www.rhino-inquisitor.com/the-state-of-ohana-for-salesforce-commerce-cloud/,2022-07-23T22:08:05+00:00,"Sitemap URL is canonical, allowed, and metadata-consistent.",
sitemap-url,/about/,public/sitemap.xml,pass,none,https://www.rhino-inquisitor.com/about/,https://www.rhino-inquisitor.com/about/,2022-02-25T21:45:55+00:00,"Sitemap URL is canonical, allowed, and metadata-consistent.",
sitemap-url,/privacy-policy/,public/sitemap.xml,pass,none,https://www.rhino-inquisitor.com/privacy-policy/,https://www.rhino-inquisitor.com/privacy-policy/,2023-03-06T13:57:39+00:00,"Sitemap URL is canonical, allowed, and metadata-consistent.",
sitemap-url,/pdf-and-salesforce-commerce-cloud-b2c/,public/sitemap.xml,pass,none,https://www.rhino-inquisitor.com/pdf-and-salesforce-commerce-cloud-b2c/,https://www.rhino-inquisitor.com/pdf-and-salesforce-commerce-cloud-b2c/,2025-07-14T18:19:59+00:00,"Sitemap URL is canonical, allowed, and metadata-consistent.",
sitemap-url,/category/external/,public/sitemap.xml,pass,none,https://www.rhino-inquisitor.com/category/external/,https://www.rhino-inquisitor.com/category/external/,2026-03-09T10:00:00+00:00,"Sitemap URL is canonical, allowed, and metadata-consistent.",
sitemap-url,/category/linkedin/,public/sitemap.xml,pass,none,https://www.rhino-inquisitor.com/category/linkedin/,https://www.rhino-inquisitor.com/category/linkedin/,2026-03-09T10:00:00+00:00,"Sitemap URL is canonical, allowed, and metadata-consistent.",
sitemap-url,/category/salesforce-architects-blog/,public/sitemap.xml,pass,none,https://www.rhino-inquisitor.com/category/salesforce-architects-blog/,https://www.rhino-inquisitor.com/category/salesforce-architects-blog/,2026-03-09T10:00:00+00:00,"Sitemap URL is canonical, allowed, and metadata-consistent.",
sitemap-url,/category/salesforce-ben/,public/sitemap.xml,pass,none,https://www.rhino-inquisitor.com/category/salesforce-ben/,https://www.rhino-inquisitor.com/category/salesforce-ben/,2026-03-09T10:00:00+00:00,"Sitemap URL is canonical, allowed, and metadata-consistent.",
sitemap-url,/pages/page/2/,public/sitemap.xml,pass,none,https://www.rhino-inquisitor.com/pages/page/2/,https://www.rhino-inquisitor.com/pages/page/2/,2026-03-09T10:00:00+00:00,"Sitemap URL is canonical, allowed, and metadata-consistent.",
sitemap-url,/pages/page/3/,public/sitemap.xml,pass,none,https://www.rhino-inquisitor.com/pages/page/3/,https://www.rhino-inquisitor.com/pages/page/3/,2026-03-09T10:00:00+00:00,"Sitemap URL is canonical, allowed, and metadata-consistent.",
sitemap-url,/posts/page/2/,public/sitemap.xml,pass,none,https://www.rhino-inquisitor.com/posts/page/2/,https://www.rhino-inquisitor.com/posts/page/2/,2026-03-09T10:00:00+00:00,"Sitemap URL is canonical, allowed, and metadata-consistent.",
sitemap-url,/posts/page/3/,public/sitemap.xml,pass,none,https://www.rhino-inquisitor.com/posts/page/3/,https://www.rhino-inquisitor.com/posts/page/3/,2026-03-09T10:00:00+00:00,"Sitemap URL is canonical, allowed, and metadata-consistent.",
sitemap-url,/posts/page/4/,public/sitemap.xml,pass,none,https://www.rhino-inquisitor.com/posts/page/4/,https://www.rhino-inquisitor.com/posts/page/4/,2026-03-09T10:00:00+00:00,"Sitemap URL is canonical, allowed, and metadata-consistent.",
sitemap-url,/posts/page/5/,public/sitemap.xml,pass,none,https://www.rhino-inquisitor.com/posts/page/5/,https://www.rhino-inquisitor.com/posts/page/5/,2026-03-09T10:00:00+00:00,"Sitemap URL is canonical, allowed, and metadata-consistent.",
sitemap-url,/posts/page/6/,public/sitemap.xml,pass,none,https://www.rhino-inquisitor.com/posts/page/6/,https://www.rhino-inquisitor.com/posts/page/6/,2026-03-09T10:00:00+00:00,"Sitemap URL is canonical, allowed, and metadata-consistent.",
sitemap-url,/posts/page/7/,public/sitemap.xml,pass,none,https://www.rhino-inquisitor.com/posts/page/7/,https://www.rhino-inquisitor.com/posts/page/7/,2026-03-09T10:00:00+00:00,"Sitemap URL is canonical, allowed, and metadata-consistent.",
sitemap-url,/posts/page/8/,public/sitemap.xml,pass,none,https://www.rhino-inquisitor.com/posts/page/8/,https://www.rhino-inquisitor.com/posts/page/8/,2026-03-09T10:00:00+00:00,"Sitemap URL is canonical, allowed, and metadata-consistent.",
sitemap-url,/posts/page/9/,public/sitemap.xml,pass,none,https://www.rhino-inquisitor.com/posts/page/9/,https://www.rhino-inquisitor.com/posts/page/9/,2026-03-09T10:00:00+00:00,"Sitemap URL is canonical, allowed, and metadata-consistent.",
sitemap-url,/posts/page/10/,public/sitemap.xml,pass,none,https://www.rhino-inquisitor.com/posts/page/10/,https://www.rhino-inquisitor.com/posts/page/10/,2026-03-09T10:00:00+00:00,"Sitemap URL is canonical, allowed, and metadata-consistent.",
sitemap-url,/posts/page/11/,public/sitemap.xml,pass,none,https://www.rhino-inquisitor.com/posts/page/11/,https://www.rhino-inquisitor.com/posts/page/11/,2026-03-09T10:00:00+00:00,"Sitemap URL is canonical, allowed, and metadata-consistent.",
sitemap-url,/posts/page/12/,public/sitemap.xml,pass,none,https://www.rhino-inquisitor.com/posts/page/12/,https://www.rhino-inquisitor.com/posts/page/12/,2026-03-09T10:00:00+00:00,"Sitemap URL is canonical, allowed, and metadata-consistent.",
sitemap-url,/posts/page/13/,public/sitemap.xml,pass,none,https://www.rhino-inquisitor.com/posts/page/13/,https://www.rhino-inquisitor.com/posts/page/13/,2026-03-09T10:00:00+00:00,"Sitemap URL is canonical, allowed, and metadata-consistent.",
sitemap-url,/posts/page/14/,public/sitemap.xml,pass,none,https://www.rhino-inquisitor.com/posts/page/14/,https://www.rhino-inquisitor.com/posts/page/14/,2026-03-09T10:00:00+00:00,"Sitemap URL is canonical, allowed, and metadata-consistent.",
sitemap-url,/posts/page/15/,public/sitemap.xml,pass,none,https://www.rhino-inquisitor.com/posts/page/15/,https://www.rhino-inquisitor.com/posts/page/15/,2026-03-09T10:00:00+00:00,"Sitemap URL is canonical, allowed, and metadata-consistent.",
sitemap-url,/posts/page/16/,public/sitemap.xml,pass,none,https://www.rhino-inquisitor.com/posts/page/16/,https://www.rhino-inquisitor.com/posts/page/16/,2026-03-09T10:00:00+00:00,"Sitemap URL is canonical, allowed, and metadata-consistent.",
sitemap-inventory,__sitemap_inventory__,public/sitemap.xml | migration/reports/phase-5-metadata-report.csv,pass,none,,,,Sitemap URL count matches the indexable metadata inventory within the documented tolerance.,sitemap=215; metadata=215; tolerance=0
feed,/index.xml,public/index.xml,pass,none,,,,Canonical feed is parseable with canonical links and valid publication dates.,items=172
feed,/feed/,public/feed/index.html,pass,none,,,,Feed compatibility helper resolves through the approved Pages-compatible redirect pattern.,
feed,/feed/rss/,public/feed/rss/index.html,pass,none,,,,Feed compatibility helper resolves through the approved Pages-compatible redirect pattern.,
feed,/feed/atom/,public/feed/atom/index.html,pass,none,,,,Feed compatibility helper resolves through the approved Pages-compatible redirect pattern.,
feed,/rss/,public/rss/index.html,pass,none,,,,Feed compatibility helper resolves through the approved Pages-compatible redirect pattern.,
feed,/robots.txt,public/robots.txt,pass,none,,,,robots.txt does not block the canonical feed or compatibility routes.,
discovery-surfaces,/archive/,public/archive/index.html,pass,critical,,,,Archive discovery surface is present in the build output.,
discovery-surfaces,/video/,public/video/index.html,pass,critical,,,,Video discovery surface is present in the build output.,
discovery-surfaces,/category/ai/,public/category/ai/index.html,pass,none,,,,Organic-traffic category route is present with non-empty discovery content.,articleCards=1; topicCards=0
discovery-surfaces,/category/architecture/,public/category/architecture/index.html,pass,none,,,,Organic-traffic category route is present with non-empty discovery content.,articleCards=9; topicCards=0
discovery-surfaces,/category/certification/,public/category/certification/index.html,pass,none,,,,Organic-traffic category route is present with non-empty discovery content.,articleCards=6; topicCards=0
discovery-surfaces,/category/corporate/,public/category/corporate/index.html,pass,none,,,,Organic-traffic category route is present with non-empty discovery content.,articleCards=4; topicCards=0
discovery-surfaces,/category/erd/,public/category/erd/index.html,pass,none,,,,Organic-traffic category route is present with non-empty discovery content.,articleCards=3; topicCards=0
discovery-surfaces,/category/external/,public/category/external/index.html,pass,none,,,,Organic-traffic category route is present with non-empty discovery content.,articleCards=12; topicCards=0
discovery-surfaces,/category/go-live/,public/category/go-live/index.html,pass,none,,,,Organic-traffic category route is present with non-empty discovery content.,articleCards=4; topicCards=0
discovery-surfaces,/category/linkedin/,public/category/linkedin/index.html,pass,none,,,,Organic-traffic category route is present with non-empty discovery content.,articleCards=12; topicCards=0
discovery-surfaces,/category/podcasts/,public/category/podcasts/index.html,pass,none,,,,Organic-traffic category route is present with non-empty discovery content.,articleCards=4; topicCards=0
discovery-surfaces,/category/react/,public/category/react/index.html,pass,none,,,,Organic-traffic category route is present with non-empty discovery content.,articleCards=1; topicCards=0
discovery-surfaces,/category/release-notes/,public/category/release-notes/index.html,pass,none,,,,Organic-traffic category route is present with non-empty discovery content.,articleCards=28; topicCards=0
discovery-surfaces,/category/salesforce-architects-blog/,public/category/salesforce-architects-blog/index.html,pass,none,,,,Organic-traffic category route is present with non-empty discovery content.,articleCards=12; topicCards=0
discovery-surfaces,/category/salesforce-ben/,public/category/salesforce-ben/index.html,pass,none,,,,Organic-traffic category route is present with non-empty discovery content.,articleCards=12; topicCards=0
discovery-surfaces,/category/salesforce-commerce-cloud/,public/category/salesforce-commerce-cloud/index.html,pass,none,,,,Organic-traffic category route is present with non-empty discovery content.,articleCards=121; topicCards=0
discovery-surfaces,/category/sessions/,public/category/sessions/index.html,pass,none,,,,Organic-traffic category route is present with non-empty discovery content.,articleCards=2; topicCards=0
discovery-surfaces,/category/technical/,public/category/technical/index.html,pass,none,,,,Organic-traffic category route is present with non-empty discovery content.,articleCards=68; topicCards=0
discovery-surfaces,/category/video/,public/category/video/index.html,pass,none,,,,Organic-traffic category route is present with non-empty discovery content.,articleCards=6; topicCards=0
discovery-surfaces,__category_pagination__,public,pass,none,,,,No category pagination routes were generated in the current build.,
