url,canonical_tag_value,sitemap_loc_value,match,notes
https://www.rhino-inquisitor.com/,https://www.rhino-inquisitor.com/,https://www.rhino-inquisitor.com/,yes,Canonical tag from public/index.html matches sitemap.xml.
https://www.rhino-inquisitor.com/20-years-of-dreamforce/,https://www.rhino-inquisitor.com/20-years-of-dreamforce/,https://www.rhino-inquisitor.com/20-years-of-dreamforce/,yes,Canonical tag from public/20-years-of-dreamforce/index.html matches sitemap.xml.
https://www.rhino-inquisitor.com/a-beginners-guide-to-webdav-in-sfcc/,https://www.rhino-inquisitor.com/a-beginners-guide-to-webdav-in-sfcc/,https://www.rhino-inquisitor.com/a-beginners-guide-to-webdav-in-sfcc/,yes,Canonical tag from public/a-beginners-guide-to-webdav-in-sfcc/index.html matches sitemap.xml.
https://www.rhino-inquisitor.com/a-deep-dive-into-the-23-7-sfcc-release/,https://www.rhino-inquisitor.com/a-deep-dive-into-the-23-7-sfcc-release/,https://www.rhino-inquisitor.com/a-deep-dive-into-the-23-7-sfcc-release/,yes,Canonical tag from public/a-deep-dive-into-the-23-7-sfcc-release/index.html matches sitemap.xml.
https://www.rhino-inquisitor.com/a-dev-guide-to-combating-fraud-on-sfcc/,https://www.rhino-inquisitor.com/a-dev-guide-to-combating-fraud-on-sfcc/,https://www.rhino-inquisitor.com/a-dev-guide-to-combating-fraud-on-sfcc/,yes,Canonical tag from public/a-dev-guide-to-combating-fraud-on-sfcc/index.html matches sitemap.xml.
https://www.rhino-inquisitor.com/a-look-at-the-23-9-commerce-cloud-release/,https://www.rhino-inquisitor.com/a-look-at-the-23-9-commerce-cloud-release/,https://www.rhino-inquisitor.com/a-look-at-the-23-9-commerce-cloud-release/,yes,Canonical tag from public/a-look-at-the-23-9-commerce-cloud-release/index.html matches sitemap.xml.
https://www.rhino-inquisitor.com/a-look-at-the-salesforce-b2c-commerce-cloud-23-6-release/,https://www.rhino-inquisitor.com/a-look-at-the-salesforce-b2c-commerce-cloud-23-6-release/,https://www.rhino-inquisitor.com/a-look-at-the-salesforce-b2c-commerce-cloud-23-6-release/,yes,Canonical tag from public/a-look-at-the-salesforce-b2c-commerce-cloud-23-6-release/index.html matches sitemap.xml.
https://www.rhino-inquisitor.com/a-look-at-the-salesforce-b2c-commerce-cloud-24-2-release/,https://www.rhino-inquisitor.com/a-look-at-the-salesforce-b2c-commerce-cloud-24-2-release/,https://www.rhino-inquisitor.com/a-look-at-the-salesforce-b2c-commerce-cloud-24-2-release/,yes,Canonical tag from public/a-look-at-the-salesforce-b2c-commerce-cloud-24-2-release/index.html matches sitemap.xml.
https://www.rhino-inquisitor.com/a-look-at-the-sfcc-23-5-release/,https://www.rhino-inquisitor.com/a-look-at-the-sfcc-23-5-release/,https://www.rhino-inquisitor.com/a-look-at-the-sfcc-23-5-release/,yes,Canonical tag from public/a-look-at-the-sfcc-23-5-release/index.html matches sitemap.xml.
https://www.rhino-inquisitor.com/a-look-back-at-origin-shielding/,https://www.rhino-inquisitor.com/a-look-back-at-origin-shielding/,https://www.rhino-inquisitor.com/a-look-back-at-origin-shielding/,yes,Canonical tag from public/a-look-back-at-origin-shielding/index.html matches sitemap.xml.
https://www.rhino-inquisitor.com/a-new-commerce-cloud-community-in-town/,https://www.rhino-inquisitor.com/a-new-commerce-cloud-community-in-town/,https://www.rhino-inquisitor.com/a-new-commerce-cloud-community-in-town/,yes,Canonical tag from public/a-new-commerce-cloud-community-in-town/index.html matches sitemap.xml.
https://www.rhino-inquisitor.com/a-new-day-for-commerce-recap/,https://www.rhino-inquisitor.com/a-new-day-for-commerce-recap/,https://www.rhino-inquisitor.com/a-new-day-for-commerce-recap/,yes,Canonical tag from public/a-new-day-for-commerce-recap/index.html matches sitemap.xml.
https://www.rhino-inquisitor.com/a-survival-guide-to-sfcc-platform-limits/,https://www.rhino-inquisitor.com/a-survival-guide-to-sfcc-platform-limits/,https://www.rhino-inquisitor.com/a-survival-guide-to-sfcc-platform-limits/,yes,Canonical tag from public/a-survival-guide-to-sfcc-platform-limits/index.html matches sitemap.xml.
https://www.rhino-inquisitor.com/about/,https://www.rhino-inquisitor.com/about/,https://www.rhino-inquisitor.com/about/,yes,Canonical tag from public/about/index.html matches sitemap.xml.
https://www.rhino-inquisitor.com/ai-as-an-architect-and-content-creator/,https://www.rhino-inquisitor.com/ai-as-an-architect-and-content-creator/,https://www.rhino-inquisitor.com/ai-as-an-architect-and-content-creator/,yes,Canonical tag from public/ai-as-an-architect-and-content-creator/index.html matches sitemap.xml.
https://www.rhino-inquisitor.com/ai-automation-to-augmentation-at-work/,https://www.rhino-inquisitor.com/ai-automation-to-augmentation-at-work/,https://www.rhino-inquisitor.com/ai-automation-to-augmentation-at-work/,yes,Canonical tag from public/ai-automation-to-augmentation-at-work/index.html matches sitemap.xml.
https://www.rhino-inquisitor.com/ai-einstein-in-salesforce-b2c-commerce-cloud/,https://www.rhino-inquisitor.com/ai-einstein-in-salesforce-b2c-commerce-cloud/,https://www.rhino-inquisitor.com/ai-einstein-in-salesforce-b2c-commerce-cloud/,yes,Canonical tag from public/ai-einstein-in-salesforce-b2c-commerce-cloud/index.html matches sitemap.xml.
https://www.rhino-inquisitor.com/ai-wont-steal-your-sfcc-job-but-a-developer-using-ai-will/,https://www.rhino-inquisitor.com/ai-wont-steal-your-sfcc-job-but-a-developer-using-ai-will/,https://www.rhino-inquisitor.com/ai-wont-steal-your-sfcc-job-but-a-developer-using-ai-will/,yes,Canonical tag from public/ai-wont-steal-your-sfcc-job-but-a-developer-using-ai-will/index.html matches sitemap.xml.
https://www.rhino-inquisitor.com/an-overview-of-sfcc-global-functions/,https://www.rhino-inquisitor.com/an-overview-of-sfcc-global-functions/,https://www.rhino-inquisitor.com/an-overview-of-sfcc-global-functions/,yes,Canonical tag from public/an-overview-of-sfcc-global-functions/index.html matches sitemap.xml.
https://www.rhino-inquisitor.com/archive/,https://www.rhino-inquisitor.com/archive/,https://www.rhino-inquisitor.com/archive/,yes,Canonical tag from public/archive/index.html matches sitemap.xml.
https://www.rhino-inquisitor.com/b2c-commerce-cloud-campaign-erd/,https://www.rhino-inquisitor.com/b2c-commerce-cloud-campaign-erd/,https://www.rhino-inquisitor.com/b2c-commerce-cloud-campaign-erd/,yes,Canonical tag from public/b2c-commerce-cloud-campaign-erd/index.html matches sitemap.xml.
https://www.rhino-inquisitor.com/b2c-commerce-whats-new-in-22-4/,https://www.rhino-inquisitor.com/b2c-commerce-whats-new-in-22-4/,https://www.rhino-inquisitor.com/b2c-commerce-whats-new-in-22-4/,yes,Canonical tag from public/b2c-commerce-whats-new-in-22-4/index.html matches sitemap.xml.
https://www.rhino-inquisitor.com/b2c-commerce-whats-new-in-the-22-3-release/,https://www.rhino-inquisitor.com/b2c-commerce-whats-new-in-the-22-3-release/,https://www.rhino-inquisitor.com/b2c-commerce-whats-new-in-the-22-3-release/,yes,Canonical tag from public/b2c-commerce-whats-new-in-the-22-3-release/index.html matches sitemap.xml.
https://www.rhino-inquisitor.com/caching-in-the-sfcc-composable-storefront/,https://www.rhino-inquisitor.com/caching-in-the-sfcc-composable-storefront/,https://www.rhino-inquisitor.com/caching-in-the-sfcc-composable-storefront/,yes,Canonical tag from public/caching-in-the-sfcc-composable-storefront/index.html matches sitemap.xml.
https://www.rhino-inquisitor.com/caching-rest-apis-in-sfcc/,https://www.rhino-inquisitor.com/caching-rest-apis-in-sfcc/,https://www.rhino-inquisitor.com/caching-rest-apis-in-sfcc/,yes,Canonical tag from public/caching-rest-apis-in-sfcc/index.html matches sitemap.xml.
https://www.rhino-inquisitor.com/can-a-isslot-element-have-a-dynamic-id/,https://www.rhino-inquisitor.com/can-a-isslot-element-have-a-dynamic-id/,https://www.rhino-inquisitor.com/can-a-isslot-element-have-a-dynamic-id/,yes,Canonical tag from public/can-a-isslot-element-have-a-dynamic-id/index.html matches sitemap.xml.
https://www.rhino-inquisitor.com/category/,https://www.rhino-inquisitor.com/category/,https://www.rhino-inquisitor.com/category/,yes,Canonical tag from public/category/index.html matches sitemap.xml.
https://www.rhino-inquisitor.com/category/ai/,https://www.rhino-inquisitor.com/category/ai/,https://www.rhino-inquisitor.com/category/ai/,yes,Canonical tag from public/category/ai/index.html matches sitemap.xml.
https://www.rhino-inquisitor.com/category/architecture/,https://www.rhino-inquisitor.com/category/architecture/,https://www.rhino-inquisitor.com/category/architecture/,yes,Canonical tag from public/category/architecture/index.html matches sitemap.xml.
https://www.rhino-inquisitor.com/category/certification/,https://www.rhino-inquisitor.com/category/certification/,https://www.rhino-inquisitor.com/category/certification/,yes,Canonical tag from public/category/certification/index.html matches sitemap.xml.
https://www.rhino-inquisitor.com/category/community/,https://www.rhino-inquisitor.com/category/community/,https://www.rhino-inquisitor.com/category/community/,yes,Canonical tag from public/category/community/index.html matches sitemap.xml.
https://www.rhino-inquisitor.com/category/corporate/,https://www.rhino-inquisitor.com/category/corporate/,https://www.rhino-inquisitor.com/category/corporate/,yes,Canonical tag from public/category/corporate/index.html matches sitemap.xml.
https://www.rhino-inquisitor.com/category/documentation/,https://www.rhino-inquisitor.com/category/documentation/,https://www.rhino-inquisitor.com/category/documentation/,yes,Canonical tag from public/category/documentation/index.html matches sitemap.xml.
https://www.rhino-inquisitor.com/category/erd/,https://www.rhino-inquisitor.com/category/erd/,https://www.rhino-inquisitor.com/category/erd/,yes,Canonical tag from public/category/erd/index.html matches sitemap.xml.
https://www.rhino-inquisitor.com/category/external/,https://www.rhino-inquisitor.com/category/external/,https://www.rhino-inquisitor.com/category/external/,yes,Canonical tag from public/category/external/index.html matches sitemap.xml.
https://www.rhino-inquisitor.com/category/go-live/,https://www.rhino-inquisitor.com/category/go-live/,https://www.rhino-inquisitor.com/category/go-live/,yes,Canonical tag from public/category/go-live/index.html matches sitemap.xml.
https://www.rhino-inquisitor.com/category/linkedin/,https://www.rhino-inquisitor.com/category/linkedin/,https://www.rhino-inquisitor.com/category/linkedin/,yes,Canonical tag from public/category/linkedin/index.html matches sitemap.xml.
https://www.rhino-inquisitor.com/category/platform/,https://www.rhino-inquisitor.com/category/platform/,https://www.rhino-inquisitor.com/category/platform/,yes,Canonical tag from public/category/platform/index.html matches sitemap.xml.
https://www.rhino-inquisitor.com/category/podcasts/,https://www.rhino-inquisitor.com/category/podcasts/,https://www.rhino-inquisitor.com/category/podcasts/,yes,Canonical tag from public/category/podcasts/index.html matches sitemap.xml.
https://www.rhino-inquisitor.com/category/react/,https://www.rhino-inquisitor.com/category/react/,https://www.rhino-inquisitor.com/category/react/,yes,Canonical tag from public/category/react/index.html matches sitemap.xml.
https://www.rhino-inquisitor.com/category/release-notes/,https://www.rhino-inquisitor.com/category/release-notes/,https://www.rhino-inquisitor.com/category/release-notes/,yes,Canonical tag from public/category/release-notes/index.html matches sitemap.xml.
https://www.rhino-inquisitor.com/category/salesforce-architects-blog/,https://www.rhino-inquisitor.com/category/salesforce-architects-blog/,https://www.rhino-inquisitor.com/category/salesforce-architects-blog/,yes,Canonical tag from public/category/salesforce-architects-blog/index.html matches sitemap.xml.
https://www.rhino-inquisitor.com/category/salesforce-ben/,https://www.rhino-inquisitor.com/category/salesforce-ben/,https://www.rhino-inquisitor.com/category/salesforce-ben/,yes,Canonical tag from public/category/salesforce-ben/index.html matches sitemap.xml.
https://www.rhino-inquisitor.com/category/salesforce-commerce-cloud/,https://www.rhino-inquisitor.com/category/salesforce-commerce-cloud/,https://www.rhino-inquisitor.com/category/salesforce-commerce-cloud/,yes,Canonical tag from public/category/salesforce-commerce-cloud/index.html matches sitemap.xml.
https://www.rhino-inquisitor.com/category/salesforce-platform/,https://www.rhino-inquisitor.com/category/salesforce-platform/,https://www.rhino-inquisitor.com/category/salesforce-platform/,yes,Canonical tag from public/category/salesforce-platform/index.html matches sitemap.xml.
https://www.rhino-inquisitor.com/category/sessions/,https://www.rhino-inquisitor.com/category/sessions/,https://www.rhino-inquisitor.com/category/sessions/,yes,Canonical tag from public/category/sessions/index.html matches sitemap.xml.
https://www.rhino-inquisitor.com/category/technical/,https://www.rhino-inquisitor.com/category/technical/,https://www.rhino-inquisitor.com/category/technical/,yes,Canonical tag from public/category/technical/index.html matches sitemap.xml.
https://www.rhino-inquisitor.com/category/uncategorized/,https://www.rhino-inquisitor.com/category/uncategorized/,https://www.rhino-inquisitor.com/category/uncategorized/,yes,Canonical tag from public/category/uncategorized/index.html matches sitemap.xml.
https://www.rhino-inquisitor.com/category/video/,https://www.rhino-inquisitor.com/category/video/,https://www.rhino-inquisitor.com/category/video/,yes,Canonical tag from public/category/video/index.html matches sitemap.xml.
https://www.rhino-inquisitor.com/certifications-for-salesforce-b2c-commerce-cloud/,https://www.rhino-inquisitor.com/certifications-for-salesforce-b2c-commerce-cloud/,https://www.rhino-inquisitor.com/certifications-for-salesforce-b2c-commerce-cloud/,yes,Canonical tag from public/certifications-for-salesforce-b2c-commerce-cloud/index.html matches sitemap.xml.
https://www.rhino-inquisitor.com/chasing-clouds-catching-up-with-the-commercecrew-at-dreamforce-2023/,https://www.rhino-inquisitor.com/chasing-clouds-catching-up-with-the-commercecrew-at-dreamforce-2023/,https://www.rhino-inquisitor.com/chasing-clouds-catching-up-with-the-commercecrew-at-dreamforce-2023/,yes,Canonical tag from public/chasing-clouds-catching-up-with-the-commercecrew-at-dreamforce-2023/index.html matches sitemap.xml.
https://www.rhino-inquisitor.com/commerce-cloud-t-shirts-on-shirtforce/,https://www.rhino-inquisitor.com/commerce-cloud-t-shirts-on-shirtforce/,https://www.rhino-inquisitor.com/commerce-cloud-t-shirts-on-shirtforce/,yes,Canonical tag from public/commerce-cloud-t-shirts-on-shirtforce/index.html matches sitemap.xml.
https://www.rhino-inquisitor.com/community-repositories/,https://www.rhino-inquisitor.com/community-repositories/,https://www.rhino-inquisitor.com/community-repositories/,yes,Canonical tag from public/community-repositories/index.html matches sitemap.xml.
https://www.rhino-inquisitor.com/community-salesforce-events-and-commerce-cloud/,https://www.rhino-inquisitor.com/community-salesforce-events-and-commerce-cloud/,https://www.rhino-inquisitor.com/community-salesforce-events-and-commerce-cloud/,yes,Canonical tag from public/community-salesforce-events-and-commerce-cloud/index.html matches sitemap.xml.
https://www.rhino-inquisitor.com/connecting-the-clouds-wedding-or-funeral/,https://www.rhino-inquisitor.com/connecting-the-clouds-wedding-or-funeral/,https://www.rhino-inquisitor.com/connecting-the-clouds-wedding-or-funeral/,yes,Canonical tag from public/connecting-the-clouds-wedding-or-funeral/index.html matches sitemap.xml.
https://www.rhino-inquisitor.com/cookie-policy-eu/,https://www.rhino-inquisitor.com/cookie-policy-eu/,https://www.rhino-inquisitor.com/cookie-policy-eu/,yes,Canonical tag from public/cookie-policy-eu/index.html matches sitemap.xml.
https://www.rhino-inquisitor.com/creating-custom-ocapi-endpoints/,https://www.rhino-inquisitor.com/creating-custom-ocapi-endpoints/,https://www.rhino-inquisitor.com/creating-custom-ocapi-endpoints/,yes,Canonical tag from public/creating-custom-ocapi-endpoints/index.html matches sitemap.xml.
https://www.rhino-inquisitor.com/custom-preferences-in-sfcc/,https://www.rhino-inquisitor.com/custom-preferences-in-sfcc/,https://www.rhino-inquisitor.com/custom-preferences-in-sfcc/,yes,Canonical tag from public/custom-preferences-in-sfcc/index.html matches sitemap.xml.
https://www.rhino-inquisitor.com/custom-ttf-fonts-in-pdf-for-sfcc/,https://www.rhino-inquisitor.com/custom-ttf-fonts-in-pdf-for-sfcc/,https://www.rhino-inquisitor.com/custom-ttf-fonts-in-pdf-for-sfcc/,yes,Canonical tag from public/custom-ttf-fonts-in-pdf-for-sfcc/index.html matches sitemap.xml.
https://www.rhino-inquisitor.com/delta-exports-in-salesforce-b2c-commerce-cloud/,https://www.rhino-inquisitor.com/delta-exports-in-salesforce-b2c-commerce-cloud/,https://www.rhino-inquisitor.com/delta-exports-in-salesforce-b2c-commerce-cloud/,yes,Canonical tag from public/delta-exports-in-salesforce-b2c-commerce-cloud/index.html matches sitemap.xml.
https://www.rhino-inquisitor.com/digging-into-the-b2c-commerce-cloud-24-3-release/,https://www.rhino-inquisitor.com/digging-into-the-b2c-commerce-cloud-24-3-release/,https://www.rhino-inquisitor.com/digging-into-the-b2c-commerce-cloud-24-3-release/,yes,Canonical tag from public/digging-into-the-b2c-commerce-cloud-24-3-release/index.html matches sitemap.xml.
https://www.rhino-inquisitor.com/events-and-the-golden-hoodie/,https://www.rhino-inquisitor.com/events-and-the-golden-hoodie/,https://www.rhino-inquisitor.com/events-and-the-golden-hoodie/,yes,Canonical tag from public/events-and-the-golden-hoodie/index.html matches sitemap.xml.
https://www.rhino-inquisitor.com/everything-new-in-sfcc-23-4/,https://www.rhino-inquisitor.com/everything-new-in-sfcc-23-4/,https://www.rhino-inquisitor.com/everything-new-in-sfcc-23-4/,yes,Canonical tag from public/everything-new-in-sfcc-23-4/index.html matches sitemap.xml.
https://www.rhino-inquisitor.com/fetching-data-in-a-locale-with-sfcc/,https://www.rhino-inquisitor.com/fetching-data-in-a-locale-with-sfcc/,https://www.rhino-inquisitor.com/fetching-data-in-a-locale-with-sfcc/,yes,Canonical tag from public/fetching-data-in-a-locale-with-sfcc/index.html matches sitemap.xml.
https://www.rhino-inquisitor.com/field-guide-to-custom-caches-in-sfcc/,https://www.rhino-inquisitor.com/field-guide-to-custom-caches-in-sfcc/,https://www.rhino-inquisitor.com/field-guide-to-custom-caches-in-sfcc/,yes,Canonical tag from public/field-guide-to-custom-caches-in-sfcc/index.html matches sitemap.xml.
https://www.rhino-inquisitor.com/get-connected-at-salesforce-connections-2022/,https://www.rhino-inquisitor.com/get-connected-at-salesforce-connections-2022/,https://www.rhino-inquisitor.com/get-connected-at-salesforce-connections-2022/,yes,Canonical tag from public/get-connected-at-salesforce-connections-2022/index.html matches sitemap.xml.
https://www.rhino-inquisitor.com/getting-secured-with-the-24-5-salesforce-b2c-commerce-cloud-release/,https://www.rhino-inquisitor.com/getting-secured-with-the-24-5-salesforce-b2c-commerce-cloud-release/,https://www.rhino-inquisitor.com/getting-secured-with-the-24-5-salesforce-b2c-commerce-cloud-release/,yes,Canonical tag from public/getting-secured-with-the-24-5-salesforce-b2c-commerce-cloud-release/index.html matches sitemap.xml.
https://www.rhino-inquisitor.com/getting-to-know-sfra-as-a-developer/,https://www.rhino-inquisitor.com/getting-to-know-sfra-as-a-developer/,https://www.rhino-inquisitor.com/getting-to-know-sfra-as-a-developer/,yes,Canonical tag from public/getting-to-know-sfra-as-a-developer/index.html matches sitemap.xml.
https://www.rhino-inquisitor.com/getting-to-know-the-sfcc-24-4-release/,https://www.rhino-inquisitor.com/getting-to-know-the-sfcc-24-4-release/,https://www.rhino-inquisitor.com/getting-to-know-the-sfcc-24-4-release/,yes,Canonical tag from public/getting-to-know-the-sfcc-24-4-release/index.html matches sitemap.xml.
https://www.rhino-inquisitor.com/guide-to-the-getprops-method-in-sfcc/,https://www.rhino-inquisitor.com/guide-to-the-getprops-method-in-sfcc/,https://www.rhino-inquisitor.com/guide-to-the-getprops-method-in-sfcc/,yes,Canonical tag from public/guide-to-the-getprops-method-in-sfcc/index.html matches sitemap.xml.
https://www.rhino-inquisitor.com/headless/,https://www.rhino-inquisitor.com/headless/,https://www.rhino-inquisitor.com/headless/,yes,Canonical tag from public/headless/index.html matches sitemap.xml.
https://www.rhino-inquisitor.com/helpful-salesforce-b2c-commerce-cloud-cartridges/,https://www.rhino-inquisitor.com/helpful-salesforce-b2c-commerce-cloud-cartridges/,https://www.rhino-inquisitor.com/helpful-salesforce-b2c-commerce-cloud-cartridges/,yes,Canonical tag from public/helpful-salesforce-b2c-commerce-cloud-cartridges/index.html matches sitemap.xml.
https://www.rhino-inquisitor.com/helpful-salesforce-b2c-commerce-cloud-cli-tools/,https://www.rhino-inquisitor.com/helpful-salesforce-b2c-commerce-cloud-cli-tools/,https://www.rhino-inquisitor.com/helpful-salesforce-b2c-commerce-cloud-cli-tools/,yes,Canonical tag from public/helpful-salesforce-b2c-commerce-cloud-cli-tools/index.html matches sitemap.xml.
https://www.rhino-inquisitor.com/how-to-change-the-code-compatibility-mode-in-salesforce-b2c-commerce-cloud/,https://www.rhino-inquisitor.com/how-to-change-the-code-compatibility-mode-in-salesforce-b2c-commerce-cloud/,https://www.rhino-inquisitor.com/how-to-change-the-code-compatibility-mode-in-salesforce-b2c-commerce-cloud/,yes,Canonical tag from public/how-to-change-the-code-compatibility-mode-in-salesforce-b2c-commerce-cloud/index.html matches sitemap.xml.
https://www.rhino-inquisitor.com/how-to-extend-active-data-in-salesforce-b2c-commerce-cloud/,https://www.rhino-inquisitor.com/how-to-extend-active-data-in-salesforce-b2c-commerce-cloud/,https://www.rhino-inquisitor.com/how-to-extend-active-data-in-salesforce-b2c-commerce-cloud/,yes,Canonical tag from public/how-to-extend-active-data-in-salesforce-b2c-commerce-cloud/index.html matches sitemap.xml.
https://www.rhino-inquisitor.com/how-to-filter-jsdoc-in-storybook-autodocs/,https://www.rhino-inquisitor.com/how-to-filter-jsdoc-in-storybook-autodocs/,https://www.rhino-inquisitor.com/how-to-filter-jsdoc-in-storybook-autodocs/,yes,Canonical tag from public/how-to-filter-jsdoc-in-storybook-autodocs/index.html matches sitemap.xml.
https://www.rhino-inquisitor.com/how-to-get-a-salesforce-b2c-commerce-cloud-sandbox/,https://www.rhino-inquisitor.com/how-to-get-a-salesforce-b2c-commerce-cloud-sandbox/,https://www.rhino-inquisitor.com/how-to-get-a-salesforce-b2c-commerce-cloud-sandbox/,yes,Canonical tag from public/how-to-get-a-salesforce-b2c-commerce-cloud-sandbox/index.html matches sitemap.xml.
https://www.rhino-inquisitor.com/how-to-get-salesforce-certification-vouchers/,https://www.rhino-inquisitor.com/how-to-get-salesforce-certification-vouchers/,https://www.rhino-inquisitor.com/how-to-get-salesforce-certification-vouchers/,yes,Canonical tag from public/how-to-get-salesforce-certification-vouchers/index.html matches sitemap.xml.
https://www.rhino-inquisitor.com/how-to-load-client-side-javascript-and-css-in-sfra/,https://www.rhino-inquisitor.com/how-to-load-client-side-javascript-and-css-in-sfra/,https://www.rhino-inquisitor.com/how-to-load-client-side-javascript-and-css-in-sfra/,yes,Canonical tag from public/how-to-load-client-side-javascript-and-css-in-sfra/index.html matches sitemap.xml.
https://www.rhino-inquisitor.com/how-to-set-up-slas-for-the-composable-storefront/,https://www.rhino-inquisitor.com/how-to-set-up-slas-for-the-composable-storefront/,https://www.rhino-inquisitor.com/how-to-set-up-slas-for-the-composable-storefront/,yes,Canonical tag from public/how-to-set-up-slas-for-the-composable-storefront/index.html matches sitemap.xml.
https://www.rhino-inquisitor.com/how-to-set-up-the-ecdn-in-sfcc-staging/,https://www.rhino-inquisitor.com/how-to-set-up-the-ecdn-in-sfcc-staging/,https://www.rhino-inquisitor.com/how-to-set-up-the-ecdn-in-sfcc-staging/,yes,Canonical tag from public/how-to-set-up-the-ecdn-in-sfcc-staging/index.html matches sitemap.xml.
https://www.rhino-inquisitor.com/how-to-setup-oauth-jwt-for-the-ocapi/,https://www.rhino-inquisitor.com/how-to-setup-oauth-jwt-for-the-ocapi/,https://www.rhino-inquisitor.com/how-to-setup-oauth-jwt-for-the-ocapi/,yes,Canonical tag from public/how-to-setup-oauth-jwt-for-the-ocapi/index.html matches sitemap.xml.
https://www.rhino-inquisitor.com/how-to-use-node-18-with-sfra/,https://www.rhino-inquisitor.com/how-to-use-node-18-with-sfra/,https://www.rhino-inquisitor.com/how-to-use-node-18-with-sfra/,yes,Canonical tag from public/how-to-use-node-18-with-sfra/index.html matches sitemap.xml.
https://www.rhino-inquisitor.com/how-to-use-ocapi-scapi-hooks/,https://www.rhino-inquisitor.com/how-to-use-ocapi-scapi-hooks/,https://www.rhino-inquisitor.com/how-to-use-ocapi-scapi-hooks/,yes,Canonical tag from public/how-to-use-ocapi-scapi-hooks/index.html matches sitemap.xml.
https://www.rhino-inquisitor.com/ideas/,https://www.rhino-inquisitor.com/ideas/,https://www.rhino-inquisitor.com/ideas/,yes,Canonical tag from public/ideas/index.html matches sitemap.xml.
https://www.rhino-inquisitor.com/ideas/page-designer-add-ability-to-copy-paste-components/,https://www.rhino-inquisitor.com/ideas/page-designer-add-ability-to-copy-paste-components/,https://www.rhino-inquisitor.com/ideas/page-designer-add-ability-to-copy-paste-components/,yes,Canonical tag from public/ideas/page-designer-add-ability-to-copy-paste-components/index.html matches sitemap.xml.
https://www.rhino-inquisitor.com/ideas/page-designer-dynamic-pages-optional-subcategories/,https://www.rhino-inquisitor.com/ideas/page-designer-dynamic-pages-optional-subcategories/,https://www.rhino-inquisitor.com/ideas/page-designer-dynamic-pages-optional-subcategories/,yes,Canonical tag from public/ideas/page-designer-dynamic-pages-optional-subcategories/index.html matches sitemap.xml.
https://www.rhino-inquisitor.com/image-ine-sfcc-dis-for-developers/,https://www.rhino-inquisitor.com/image-ine-sfcc-dis-for-developers/,https://www.rhino-inquisitor.com/image-ine-sfcc-dis-for-developers/,yes,Canonical tag from public/image-ine-sfcc-dis-for-developers/index.html matches sitemap.xml.
https://www.rhino-inquisitor.com/in-the-ring-ocapi-versus-scapi/,https://www.rhino-inquisitor.com/in-the-ring-ocapi-versus-scapi/,https://www.rhino-inquisitor.com/in-the-ring-ocapi-versus-scapi/,yes,Canonical tag from public/in-the-ring-ocapi-versus-scapi/index.html matches sitemap.xml.
https://www.rhino-inquisitor.com/inside-the-ohana/,https://www.rhino-inquisitor.com/inside-the-ohana/,https://www.rhino-inquisitor.com/inside-the-ohana/,yes,Canonical tag from public/inside-the-ohana/index.html matches sitemap.xml.
https://www.rhino-inquisitor.com/is-salesforce-certification-worth-it/,https://www.rhino-inquisitor.com/is-salesforce-certification-worth-it/,https://www.rhino-inquisitor.com/is-salesforce-certification-worth-it/,yes,Canonical tag from public/is-salesforce-certification-worth-it/index.html matches sitemap.xml.
https://www.rhino-inquisitor.com/it-sure-has-been-quiet-on-this-blog/,https://www.rhino-inquisitor.com/it-sure-has-been-quiet-on-this-blog/,https://www.rhino-inquisitor.com/it-sure-has-been-quiet-on-this-blog/,yes,Canonical tag from public/it-sure-has-been-quiet-on-this-blog/index.html matches sitemap.xml.
https://www.rhino-inquisitor.com/kickstart-guide-for-new-sfcc-developers/,https://www.rhino-inquisitor.com/kickstart-guide-for-new-sfcc-developers/,https://www.rhino-inquisitor.com/kickstart-guide-for-new-sfcc-developers/,yes,Canonical tag from public/kickstart-guide-for-new-sfcc-developers/index.html matches sitemap.xml.
https://www.rhino-inquisitor.com/lag-to-riches-a-pwa-kit-developers-guide/,https://www.rhino-inquisitor.com/lag-to-riches-a-pwa-kit-developers-guide/,https://www.rhino-inquisitor.com/lag-to-riches-a-pwa-kit-developers-guide/,yes,Canonical tag from public/lag-to-riches-a-pwa-kit-developers-guide/index.html matches sitemap.xml.
https://www.rhino-inquisitor.com/lets-go-live-customer-migration/,https://www.rhino-inquisitor.com/lets-go-live-customer-migration/,https://www.rhino-inquisitor.com/lets-go-live-customer-migration/,yes,Canonical tag from public/lets-go-live-customer-migration/index.html matches sitemap.xml.
https://www.rhino-inquisitor.com/lets-go-live-ecdn/,https://www.rhino-inquisitor.com/lets-go-live-ecdn/,https://www.rhino-inquisitor.com/lets-go-live-ecdn/,yes,Canonical tag from public/lets-go-live-ecdn/index.html matches sitemap.xml.
https://www.rhino-inquisitor.com/lets-go-live-seo/,https://www.rhino-inquisitor.com/lets-go-live-seo/,https://www.rhino-inquisitor.com/lets-go-live-seo/,yes,Canonical tag from public/lets-go-live-seo/index.html matches sitemap.xml.
https://www.rhino-inquisitor.com/leveraging-generic-mappings-in-sfcc/,https://www.rhino-inquisitor.com/leveraging-generic-mappings-in-sfcc/,https://www.rhino-inquisitor.com/leveraging-generic-mappings-in-sfcc/,yes,Canonical tag from public/leveraging-generic-mappings-in-sfcc/index.html matches sitemap.xml.
https://www.rhino-inquisitor.com/life-is-about-choices/,https://www.rhino-inquisitor.com/life-is-about-choices/,https://www.rhino-inquisitor.com/life-is-about-choices/,yes,Canonical tag from public/life-is-about-choices/index.html matches sitemap.xml.
https://www.rhino-inquisitor.com/life-with-goldie/,https://www.rhino-inquisitor.com/life-with-goldie/,https://www.rhino-inquisitor.com/life-with-goldie/,yes,Canonical tag from public/life-with-goldie/index.html matches sitemap.xml.
https://www.rhino-inquisitor.com/local-vs-shared-variation-attributes-sfcc/,https://www.rhino-inquisitor.com/local-vs-shared-variation-attributes-sfcc/,https://www.rhino-inquisitor.com/local-vs-shared-variation-attributes-sfcc/,yes,Canonical tag from public/local-vs-shared-variation-attributes-sfcc/index.html matches sitemap.xml.
https://www.rhino-inquisitor.com/mail-attachments-in-b2c-commerce-cloud/,https://www.rhino-inquisitor.com/mail-attachments-in-b2c-commerce-cloud/,https://www.rhino-inquisitor.com/mail-attachments-in-b2c-commerce-cloud/,yes,Canonical tag from public/mail-attachments-in-b2c-commerce-cloud/index.html matches sitemap.xml.
https://www.rhino-inquisitor.com/mastering-chunk-oriented-job-steps-in-salesforce-b2c-commerce-cloud/,https://www.rhino-inquisitor.com/mastering-chunk-oriented-job-steps-in-salesforce-b2c-commerce-cloud/,https://www.rhino-inquisitor.com/mastering-chunk-oriented-job-steps-in-salesforce-b2c-commerce-cloud/,yes,Canonical tag from public/mastering-chunk-oriented-job-steps-in-salesforce-b2c-commerce-cloud/index.html matches sitemap.xml.
https://www.rhino-inquisitor.com/mastering-sitemaps-in-sfcc/,https://www.rhino-inquisitor.com/mastering-sitemaps-in-sfcc/,https://www.rhino-inquisitor.com/mastering-sitemaps-in-sfcc/,yes,Canonical tag from public/mastering-sitemaps-in-sfcc/index.html matches sitemap.xml.
https://www.rhino-inquisitor.com/me-myself-and-headless-a-composable-commerce-cloud-story/,https://www.rhino-inquisitor.com/me-myself-and-headless-a-composable-commerce-cloud-story/,https://www.rhino-inquisitor.com/me-myself-and-headless-a-composable-commerce-cloud-story/,yes,Canonical tag from public/me-myself-and-headless-a-composable-commerce-cloud-story/index.html matches sitemap.xml.
https://www.rhino-inquisitor.com/migrate-magento-passwords-using-argon2/,https://www.rhino-inquisitor.com/migrate-magento-passwords-using-argon2/,https://www.rhino-inquisitor.com/migrate-magento-passwords-using-argon2/,yes,Canonical tag from public/migrate-magento-passwords-using-argon2/index.html matches sitemap.xml.
https://www.rhino-inquisitor.com/navigating-dates-calendars-in-sfcc/,https://www.rhino-inquisitor.com/navigating-dates-calendars-in-sfcc/,https://www.rhino-inquisitor.com/navigating-dates-calendars-in-sfcc/,yes,Canonical tag from public/navigating-dates-calendars-in-sfcc/index.html matches sitemap.xml.
https://www.rhino-inquisitor.com/new-apis-and-features-for-a-headless-sfcc/,https://www.rhino-inquisitor.com/new-apis-and-features-for-a-headless-sfcc/,https://www.rhino-inquisitor.com/new-apis-and-features-for-a-headless-sfcc/,yes,Canonical tag from public/new-apis-and-features-for-a-headless-sfcc/index.html matches sitemap.xml.
https://www.rhino-inquisitor.com/non-technical-sfcc-certifications/,https://www.rhino-inquisitor.com/non-technical-sfcc-certifications/,https://www.rhino-inquisitor.com/non-technical-sfcc-certifications/,yes,Canonical tag from public/non-technical-sfcc-certifications/index.html matches sitemap.xml.
https://www.rhino-inquisitor.com/office-hours-for-salesforce-b2c-commerce-cloud/,https://www.rhino-inquisitor.com/office-hours-for-salesforce-b2c-commerce-cloud/,https://www.rhino-inquisitor.com/office-hours-for-salesforce-b2c-commerce-cloud/,yes,Canonical tag from public/office-hours-for-salesforce-b2c-commerce-cloud/index.html matches sitemap.xml.
https://www.rhino-inquisitor.com/offline/,https://www.rhino-inquisitor.com/offline/,https://www.rhino-inquisitor.com/offline/,yes,Canonical tag from public/offline/index.html matches sitemap.xml.
https://www.rhino-inquisitor.com/pages/,https://www.rhino-inquisitor.com/pages/,https://www.rhino-inquisitor.com/pages/,yes,Canonical tag from public/pages/index.html matches sitemap.xml.
https://www.rhino-inquisitor.com/pages/page/2/,https://www.rhino-inquisitor.com/pages/page/2/,https://www.rhino-inquisitor.com/pages/page/2/,yes,Canonical tag from public/pages/page/2/index.html matches sitemap.xml.
https://www.rhino-inquisitor.com/pages/page/3/,https://www.rhino-inquisitor.com/pages/page/3/,https://www.rhino-inquisitor.com/pages/page/3/,yes,Canonical tag from public/pages/page/3/index.html matches sitemap.xml.
https://www.rhino-inquisitor.com/pdf-and-salesforce-commerce-cloud-b2c/,https://www.rhino-inquisitor.com/pdf-and-salesforce-commerce-cloud-b2c/,https://www.rhino-inquisitor.com/pdf-and-salesforce-commerce-cloud-b2c/,yes,Canonical tag from public/pdf-and-salesforce-commerce-cloud-b2c/index.html matches sitemap.xml.
https://www.rhino-inquisitor.com/phase-3-performance-baseline/,https://www.rhino-inquisitor.com/phase-3-performance-baseline/,https://www.rhino-inquisitor.com/phase-3-performance-baseline/,yes,Canonical tag from public/phase-3-performance-baseline/index.html matches sitemap.xml.
https://www.rhino-inquisitor.com/podcasts-for-salesforce-b2c-commerce-cloud/,https://www.rhino-inquisitor.com/podcasts-for-salesforce-b2c-commerce-cloud/,https://www.rhino-inquisitor.com/podcasts-for-salesforce-b2c-commerce-cloud/,yes,Canonical tag from public/podcasts-for-salesforce-b2c-commerce-cloud/index.html matches sitemap.xml.
https://www.rhino-inquisitor.com/posts/,https://www.rhino-inquisitor.com/posts/,https://www.rhino-inquisitor.com/posts/,yes,Canonical tag from public/posts/index.html matches sitemap.xml.
https://www.rhino-inquisitor.com/posts/page/10/,https://www.rhino-inquisitor.com/posts/page/10/,https://www.rhino-inquisitor.com/posts/page/10/,yes,Canonical tag from public/posts/page/10/index.html matches sitemap.xml.
https://www.rhino-inquisitor.com/posts/page/11/,https://www.rhino-inquisitor.com/posts/page/11/,https://www.rhino-inquisitor.com/posts/page/11/,yes,Canonical tag from public/posts/page/11/index.html matches sitemap.xml.
https://www.rhino-inquisitor.com/posts/page/12/,https://www.rhino-inquisitor.com/posts/page/12/,https://www.rhino-inquisitor.com/posts/page/12/,yes,Canonical tag from public/posts/page/12/index.html matches sitemap.xml.
https://www.rhino-inquisitor.com/posts/page/13/,https://www.rhino-inquisitor.com/posts/page/13/,https://www.rhino-inquisitor.com/posts/page/13/,yes,Canonical tag from public/posts/page/13/index.html matches sitemap.xml.
https://www.rhino-inquisitor.com/posts/page/14/,https://www.rhino-inquisitor.com/posts/page/14/,https://www.rhino-inquisitor.com/posts/page/14/,yes,Canonical tag from public/posts/page/14/index.html matches sitemap.xml.
https://www.rhino-inquisitor.com/posts/page/15/,https://www.rhino-inquisitor.com/posts/page/15/,https://www.rhino-inquisitor.com/posts/page/15/,yes,Canonical tag from public/posts/page/15/index.html matches sitemap.xml.
https://www.rhino-inquisitor.com/posts/page/16/,https://www.rhino-inquisitor.com/posts/page/16/,https://www.rhino-inquisitor.com/posts/page/16/,yes,Canonical tag from public/posts/page/16/index.html matches sitemap.xml.
https://www.rhino-inquisitor.com/posts/page/2/,https://www.rhino-inquisitor.com/posts/page/2/,https://www.rhino-inquisitor.com/posts/page/2/,yes,Canonical tag from public/posts/page/2/index.html matches sitemap.xml.
https://www.rhino-inquisitor.com/posts/page/3/,https://www.rhino-inquisitor.com/posts/page/3/,https://www.rhino-inquisitor.com/posts/page/3/,yes,Canonical tag from public/posts/page/3/index.html matches sitemap.xml.
https://www.rhino-inquisitor.com/posts/page/4/,https://www.rhino-inquisitor.com/posts/page/4/,https://www.rhino-inquisitor.com/posts/page/4/,yes,Canonical tag from public/posts/page/4/index.html matches sitemap.xml.
https://www.rhino-inquisitor.com/posts/page/5/,https://www.rhino-inquisitor.com/posts/page/5/,https://www.rhino-inquisitor.com/posts/page/5/,yes,Canonical tag from public/posts/page/5/index.html matches sitemap.xml.
https://www.rhino-inquisitor.com/posts/page/6/,https://www.rhino-inquisitor.com/posts/page/6/,https://www.rhino-inquisitor.com/posts/page/6/,yes,Canonical tag from public/posts/page/6/index.html matches sitemap.xml.
https://www.rhino-inquisitor.com/posts/page/7/,https://www.rhino-inquisitor.com/posts/page/7/,https://www.rhino-inquisitor.com/posts/page/7/,yes,Canonical tag from public/posts/page/7/index.html matches sitemap.xml.
https://www.rhino-inquisitor.com/posts/page/8/,https://www.rhino-inquisitor.com/posts/page/8/,https://www.rhino-inquisitor.com/posts/page/8/,yes,Canonical tag from public/posts/page/8/index.html matches sitemap.xml.
https://www.rhino-inquisitor.com/posts/page/9/,https://www.rhino-inquisitor.com/posts/page/9/,https://www.rhino-inquisitor.com/posts/page/9/,yes,Canonical tag from public/posts/page/9/index.html matches sitemap.xml.
https://www.rhino-inquisitor.com/preparing-for-the-b2c-commerce-developer-certification/,https://www.rhino-inquisitor.com/preparing-for-the-b2c-commerce-developer-certification/,https://www.rhino-inquisitor.com/preparing-for-the-b2c-commerce-developer-certification/,yes,Canonical tag from public/preparing-for-the-b2c-commerce-developer-certification/index.html matches sitemap.xml.
https://www.rhino-inquisitor.com/privacy-policy/,https://www.rhino-inquisitor.com/privacy-policy/,https://www.rhino-inquisitor.com/privacy-policy/,yes,Canonical tag from public/privacy-policy/index.html matches sitemap.xml.
https://www.rhino-inquisitor.com/real-time-inventory-checks-in-sfcc/,https://www.rhino-inquisitor.com/real-time-inventory-checks-in-sfcc/,https://www.rhino-inquisitor.com/real-time-inventory-checks-in-sfcc/,yes,Canonical tag from public/real-time-inventory-checks-in-sfcc/index.html matches sitemap.xml.
https://www.rhino-inquisitor.com/reflecting-on-2-years-of-blogging/,https://www.rhino-inquisitor.com/reflecting-on-2-years-of-blogging/,https://www.rhino-inquisitor.com/reflecting-on-2-years-of-blogging/,yes,Canonical tag from public/reflecting-on-2-years-of-blogging/index.html matches sitemap.xml.
https://www.rhino-inquisitor.com/salesforce-b2c-commerce-cloud-22-10/,https://www.rhino-inquisitor.com/salesforce-b2c-commerce-cloud-22-10/,https://www.rhino-inquisitor.com/salesforce-b2c-commerce-cloud-22-10/,yes,Canonical tag from public/salesforce-b2c-commerce-cloud-22-10/index.html matches sitemap.xml.
https://www.rhino-inquisitor.com/salesforce-b2c-commerce-cloud-22-8/,https://www.rhino-inquisitor.com/salesforce-b2c-commerce-cloud-22-8/,https://www.rhino-inquisitor.com/salesforce-b2c-commerce-cloud-22-8/,yes,Canonical tag from public/salesforce-b2c-commerce-cloud-22-8/index.html matches sitemap.xml.
https://www.rhino-inquisitor.com/salesforce-b2c-commerce-cloud-22-9-release/,https://www.rhino-inquisitor.com/salesforce-b2c-commerce-cloud-22-9-release/,https://www.rhino-inquisitor.com/salesforce-b2c-commerce-cloud-22-9-release/,yes,Canonical tag from public/salesforce-b2c-commerce-cloud-22-9-release/index.html matches sitemap.xml.
https://www.rhino-inquisitor.com/salesforce-b2c-commerce-cloud-23-1/,https://www.rhino-inquisitor.com/salesforce-b2c-commerce-cloud-23-1/,https://www.rhino-inquisitor.com/salesforce-b2c-commerce-cloud-23-1/,yes,Canonical tag from public/salesforce-b2c-commerce-cloud-23-1/index.html matches sitemap.xml.
https://www.rhino-inquisitor.com/salesforce-b2c-commerce-cloud-23-10-release-a-comprehensive-overview/,https://www.rhino-inquisitor.com/salesforce-b2c-commerce-cloud-23-10-release-a-comprehensive-overview/,https://www.rhino-inquisitor.com/salesforce-b2c-commerce-cloud-23-10-release-a-comprehensive-overview/,yes,Canonical tag from public/salesforce-b2c-commerce-cloud-23-10-release-a-comprehensive-overview/index.html matches sitemap.xml.
https://www.rhino-inquisitor.com/salesforce-b2c-commerce-cloud-23-2/,https://www.rhino-inquisitor.com/salesforce-b2c-commerce-cloud-23-2/,https://www.rhino-inquisitor.com/salesforce-b2c-commerce-cloud-23-2/,yes,Canonical tag from public/salesforce-b2c-commerce-cloud-23-2/index.html matches sitemap.xml.
https://www.rhino-inquisitor.com/salesforce-b2c-commerce-cloud-23-3-release/,https://www.rhino-inquisitor.com/salesforce-b2c-commerce-cloud-23-3-release/,https://www.rhino-inquisitor.com/salesforce-b2c-commerce-cloud-23-3-release/,yes,Canonical tag from public/salesforce-b2c-commerce-cloud-23-3-release/index.html matches sitemap.xml.
https://www.rhino-inquisitor.com/salesforce-b2c-commerce-cloud-catalog-erd/,https://www.rhino-inquisitor.com/salesforce-b2c-commerce-cloud-catalog-erd/,https://www.rhino-inquisitor.com/salesforce-b2c-commerce-cloud-catalog-erd/,yes,Canonical tag from public/salesforce-b2c-commerce-cloud-catalog-erd/index.html matches sitemap.xml.
https://www.rhino-inquisitor.com/salesforce-b2c-commerce-cloud-content-erd/,https://www.rhino-inquisitor.com/salesforce-b2c-commerce-cloud-content-erd/,https://www.rhino-inquisitor.com/salesforce-b2c-commerce-cloud-content-erd/,yes,Canonical tag from public/salesforce-b2c-commerce-cloud-content-erd/index.html matches sitemap.xml.
https://www.rhino-inquisitor.com/salesforce-b2c-commerce-cloud-customer-erd/,https://www.rhino-inquisitor.com/salesforce-b2c-commerce-cloud-customer-erd/,https://www.rhino-inquisitor.com/salesforce-b2c-commerce-cloud-customer-erd/,yes,Canonical tag from public/salesforce-b2c-commerce-cloud-customer-erd/index.html matches sitemap.xml.
https://www.rhino-inquisitor.com/salesforce-b2c-commerce-cloud-documentation/,https://www.rhino-inquisitor.com/salesforce-b2c-commerce-cloud-documentation/,https://www.rhino-inquisitor.com/salesforce-b2c-commerce-cloud-documentation/,yes,Canonical tag from public/salesforce-b2c-commerce-cloud-documentation/index.html matches sitemap.xml.
https://www.rhino-inquisitor.com/salesforce-b2c-commerce-cloud-erd/,https://www.rhino-inquisitor.com/salesforce-b2c-commerce-cloud-erd/,https://www.rhino-inquisitor.com/salesforce-b2c-commerce-cloud-erd/,yes,Canonical tag from public/salesforce-b2c-commerce-cloud-erd/index.html matches sitemap.xml.
https://www.rhino-inquisitor.com/salesforce-b2c-commerce-cloud-governance-and-quotas/,https://www.rhino-inquisitor.com/salesforce-b2c-commerce-cloud-governance-and-quotas/,https://www.rhino-inquisitor.com/salesforce-b2c-commerce-cloud-governance-and-quotas/,yes,Canonical tag from public/salesforce-b2c-commerce-cloud-governance-and-quotas/index.html matches sitemap.xml.
https://www.rhino-inquisitor.com/salesforce-b2c-commerce-cloud-november-2022-updates/,https://www.rhino-inquisitor.com/salesforce-b2c-commerce-cloud-november-2022-updates/,https://www.rhino-inquisitor.com/salesforce-b2c-commerce-cloud-november-2022-updates/,yes,Canonical tag from public/salesforce-b2c-commerce-cloud-november-2022-updates/index.html matches sitemap.xml.
https://www.rhino-inquisitor.com/salesforce-b2c-commerce-cloud-october-updates/,https://www.rhino-inquisitor.com/salesforce-b2c-commerce-cloud-october-updates/,https://www.rhino-inquisitor.com/salesforce-b2c-commerce-cloud-october-updates/,yes,Canonical tag from public/salesforce-b2c-commerce-cloud-october-updates/index.html matches sitemap.xml.
https://www.rhino-inquisitor.com/salesforce-b2c-commerce-cloud-the-22-7-release/,https://www.rhino-inquisitor.com/salesforce-b2c-commerce-cloud-the-22-7-release/,https://www.rhino-inquisitor.com/salesforce-b2c-commerce-cloud-the-22-7-release/,yes,Canonical tag from public/salesforce-b2c-commerce-cloud-the-22-7-release/index.html matches sitemap.xml.
https://www.rhino-inquisitor.com/salesforce-b2c-commerce-the-22-5-release/,https://www.rhino-inquisitor.com/salesforce-b2c-commerce-the-22-5-release/,https://www.rhino-inquisitor.com/salesforce-b2c-commerce-the-22-5-release/,yes,Canonical tag from public/salesforce-b2c-commerce-the-22-5-release/index.html matches sitemap.xml.
https://www.rhino-inquisitor.com/salesforce-b2c-commerce-the-22-6-release/,https://www.rhino-inquisitor.com/salesforce-b2c-commerce-the-22-6-release/,https://www.rhino-inquisitor.com/salesforce-b2c-commerce-the-22-6-release/,yes,Canonical tag from public/salesforce-b2c-commerce-the-22-6-release/index.html matches sitemap.xml.
https://www.rhino-inquisitor.com/salesforce-commerce-cloud-products/,https://www.rhino-inquisitor.com/salesforce-commerce-cloud-products/,https://www.rhino-inquisitor.com/salesforce-commerce-cloud-products/,yes,Canonical tag from public/salesforce-commerce-cloud-products/index.html matches sitemap.xml.
https://www.rhino-inquisitor.com/salesforce-connections-2024-and-sfcc/,https://www.rhino-inquisitor.com/salesforce-connections-2024-and-sfcc/,https://www.rhino-inquisitor.com/salesforce-connections-2024-and-sfcc/,yes,Canonical tag from public/salesforce-connections-2024-and-sfcc/index.html matches sitemap.xml.
https://www.rhino-inquisitor.com/salesforce-payments-experience-explained/,https://www.rhino-inquisitor.com/salesforce-payments-experience-explained/,https://www.rhino-inquisitor.com/salesforce-payments-experience-explained/,yes,Canonical tag from public/salesforce-payments-experience-explained/index.html matches sitemap.xml.
https://www.rhino-inquisitor.com/scaffold-readiness/,https://www.rhino-inquisitor.com/scaffold-readiness/,https://www.rhino-inquisitor.com/scaffold-readiness/,yes,Canonical tag from public/scaffold-readiness/index.html matches sitemap.xml.
https://www.rhino-inquisitor.com/secure-coding-in-salesforce-b2c-commerce-cloud/,https://www.rhino-inquisitor.com/secure-coding-in-salesforce-b2c-commerce-cloud/,https://www.rhino-inquisitor.com/secure-coding-in-salesforce-b2c-commerce-cloud/,yes,Canonical tag from public/secure-coding-in-salesforce-b2c-commerce-cloud/index.html matches sitemap.xml.
https://www.rhino-inquisitor.com/sending-emails-from-sfcc/,https://www.rhino-inquisitor.com/sending-emails-from-sfcc/,https://www.rhino-inquisitor.com/sending-emails-from-sfcc/,yes,Canonical tag from public/sending-emails-from-sfcc/index.html matches sitemap.xml.
https://www.rhino-inquisitor.com/server-side-performance-in-sfcc/,https://www.rhino-inquisitor.com/server-side-performance-in-sfcc/,https://www.rhino-inquisitor.com/server-side-performance-in-sfcc/,yes,Canonical tag from public/server-side-performance-in-sfcc/index.html matches sitemap.xml.
https://www.rhino-inquisitor.com/sfcc-24-1-release-a-new-year-update/,https://www.rhino-inquisitor.com/sfcc-24-1-release-a-new-year-update/,https://www.rhino-inquisitor.com/sfcc-24-1-release-a-new-year-update/,yes,Canonical tag from public/sfcc-24-1-release-a-new-year-update/index.html matches sitemap.xml.
https://www.rhino-inquisitor.com/sfcc-basket-order-erd/,https://www.rhino-inquisitor.com/sfcc-basket-order-erd/,https://www.rhino-inquisitor.com/sfcc-basket-order-erd/,yes,Canonical tag from public/sfcc-basket-order-erd/index.html matches sitemap.xml.
https://www.rhino-inquisitor.com/sfcc-introduction/,https://www.rhino-inquisitor.com/sfcc-introduction/,https://www.rhino-inquisitor.com/sfcc-introduction/,yes,Canonical tag from public/sfcc-introduction/index.html matches sitemap.xml.
https://www.rhino-inquisitor.com/sfcc-url-cracking-the-code/,https://www.rhino-inquisitor.com/sfcc-url-cracking-the-code/,https://www.rhino-inquisitor.com/sfcc-url-cracking-the-code/,yes,Canonical tag from public/sfcc-url-cracking-the-code/index.html matches sitemap.xml.
https://www.rhino-inquisitor.com/should-i-get-javascript-developer-i-certified/,https://www.rhino-inquisitor.com/should-i-get-javascript-developer-i-certified/,https://www.rhino-inquisitor.com/should-i-get-javascript-developer-i-certified/,yes,Canonical tag from public/should-i-get-javascript-developer-i-certified/index.html matches sitemap.xml.
https://www.rhino-inquisitor.com/should-i-use-sfra-rest-endpoints-in-a-composable-storefront/,https://www.rhino-inquisitor.com/should-i-use-sfra-rest-endpoints-in-a-composable-storefront/,https://www.rhino-inquisitor.com/should-i-use-sfra-rest-endpoints-in-a-composable-storefront/,yes,Canonical tag from public/should-i-use-sfra-rest-endpoints-in-a-composable-storefront/index.html matches sitemap.xml.
https://www.rhino-inquisitor.com/simplifying-the-salesforce-order-of-execution/,https://www.rhino-inquisitor.com/simplifying-the-salesforce-order-of-execution/,https://www.rhino-inquisitor.com/simplifying-the-salesforce-order-of-execution/,yes,Canonical tag from public/simplifying-the-salesforce-order-of-execution/index.html matches sitemap.xml.
https://www.rhino-inquisitor.com/sitegenesis-vs-sfra-vs-pwa/,https://www.rhino-inquisitor.com/sitegenesis-vs-sfra-vs-pwa/,https://www.rhino-inquisitor.com/sitegenesis-vs-sfra-vs-pwa/,yes,Canonical tag from public/sitegenesis-vs-sfra-vs-pwa/index.html matches sitemap.xml.
https://www.rhino-inquisitor.com/slas-in-sfra-or-sitegenesis/,https://www.rhino-inquisitor.com/slas-in-sfra-or-sitegenesis/,https://www.rhino-inquisitor.com/slas-in-sfra-or-sitegenesis/,yes,Canonical tag from public/slas-in-sfra-or-sitegenesis/index.html matches sitemap.xml.
https://www.rhino-inquisitor.com/slicing-versus-variation-groups-in-sfcc/,https://www.rhino-inquisitor.com/slicing-versus-variation-groups-in-sfcc/,https://www.rhino-inquisitor.com/slicing-versus-variation-groups-in-sfcc/,yes,Canonical tag from public/slicing-versus-variation-groups-in-sfcc/index.html matches sitemap.xml.
https://www.rhino-inquisitor.com/storefront-protection-in-the-pwa-kit/,https://www.rhino-inquisitor.com/storefront-protection-in-the-pwa-kit/,https://www.rhino-inquisitor.com/storefront-protection-in-the-pwa-kit/,yes,Canonical tag from public/storefront-protection-in-the-pwa-kit/index.html matches sitemap.xml.
https://www.rhino-inquisitor.com/submit-multipart-form-data-to-a-third-party-service-in-sfcc/,https://www.rhino-inquisitor.com/submit-multipart-form-data-to-a-third-party-service-in-sfcc/,https://www.rhino-inquisitor.com/submit-multipart-form-data-to-a-third-party-service-in-sfcc/,yes,Canonical tag from public/submit-multipart-form-data-to-a-third-party-service-in-sfcc/index.html matches sitemap.xml.
https://www.rhino-inquisitor.com/submitting-a-file-to-a-third-party-service-in-sfcc/,https://www.rhino-inquisitor.com/submitting-a-file-to-a-third-party-service-in-sfcc/,https://www.rhino-inquisitor.com/submitting-a-file-to-a-third-party-service-in-sfcc/,yes,Canonical tag from public/submitting-a-file-to-a-third-party-service-in-sfcc/index.html matches sitemap.xml.
https://www.rhino-inquisitor.com/swc-and-storybook-error-failed-to-load-native-binding/,https://www.rhino-inquisitor.com/swc-and-storybook-error-failed-to-load-native-binding/,https://www.rhino-inquisitor.com/swc-and-storybook-error-failed-to-load-native-binding/,yes,Canonical tag from public/swc-and-storybook-error-failed-to-load-native-binding/index.html matches sitemap.xml.
https://www.rhino-inquisitor.com/taming-the-beast-a-developers-deep-dive-into-sfcc-meta-tag-rules/,https://www.rhino-inquisitor.com/taming-the-beast-a-developers-deep-dive-into-sfcc-meta-tag-rules/,https://www.rhino-inquisitor.com/taming-the-beast-a-developers-deep-dive-into-sfcc-meta-tag-rules/,yes,Canonical tag from public/taming-the-beast-a-developers-deep-dive-into-sfcc-meta-tag-rules/index.html matches sitemap.xml.
https://www.rhino-inquisitor.com/the-attribute-fallback-system-in-sfcc/,https://www.rhino-inquisitor.com/the-attribute-fallback-system-in-sfcc/,https://www.rhino-inquisitor.com/the-attribute-fallback-system-in-sfcc/,yes,Canonical tag from public/the-attribute-fallback-system-in-sfcc/index.html matches sitemap.xml.
https://www.rhino-inquisitor.com/the-b2c-commerce-architect-certification/,https://www.rhino-inquisitor.com/the-b2c-commerce-architect-certification/,https://www.rhino-inquisitor.com/the-b2c-commerce-architect-certification/,yes,Canonical tag from public/the-b2c-commerce-architect-certification/index.html matches sitemap.xml.
https://www.rhino-inquisitor.com/the-createorders-api-in-sfcc/,https://www.rhino-inquisitor.com/the-createorders-api-in-sfcc/,https://www.rhino-inquisitor.com/the-createorders-api-in-sfcc/,yes,Canonical tag from public/the-createorders-api-in-sfcc/index.html matches sitemap.xml.
https://www.rhino-inquisitor.com/the-deprecation-of-the-uuid-token-for-api-clients/,https://www.rhino-inquisitor.com/the-deprecation-of-the-uuid-token-for-api-clients/,https://www.rhino-inquisitor.com/the-deprecation-of-the-uuid-token-for-api-clients/,yes,Canonical tag from public/the-deprecation-of-the-uuid-token-for-api-clients/index.html matches sitemap.xml.
https://www.rhino-inquisitor.com/the-importance-of-origin-shielding/,https://www.rhino-inquisitor.com/the-importance-of-origin-shielding/,https://www.rhino-inquisitor.com/the-importance-of-origin-shielding/,yes,Canonical tag from public/the-importance-of-origin-shielding/index.html matches sitemap.xml.
https://www.rhino-inquisitor.com/the-journey-from-developer-to-architect/,https://www.rhino-inquisitor.com/the-journey-from-developer-to-architect/,https://www.rhino-inquisitor.com/the-journey-from-developer-to-architect/,yes,Canonical tag from public/the-journey-from-developer-to-architect/index.html matches sitemap.xml.
https://www.rhino-inquisitor.com/the-latest-in-sfcc-version-24-7/,https://www.rhino-inquisitor.com/the-latest-in-sfcc-version-24-7/,https://www.rhino-inquisitor.com/the-latest-in-sfcc-version-24-7/,yes,Canonical tag from public/the-latest-in-sfcc-version-24-7/index.html matches sitemap.xml.
https://www.rhino-inquisitor.com/the-move-from-on-site-to-remote/,https://www.rhino-inquisitor.com/the-move-from-on-site-to-remote/,https://www.rhino-inquisitor.com/the-move-from-on-site-to-remote/,yes,Canonical tag from public/the-move-from-on-site-to-remote/index.html matches sitemap.xml.
https://www.rhino-inquisitor.com/the-move-from-sitegenesis-and-sfra-to-the-composable-storefront-as-a-developer/,https://www.rhino-inquisitor.com/the-move-from-sitegenesis-and-sfra-to-the-composable-storefront-as-a-developer/,https://www.rhino-inquisitor.com/the-move-from-sitegenesis-and-sfra-to-the-composable-storefront-as-a-developer/,yes,Canonical tag from public/the-move-from-sitegenesis-and-sfra-to-the-composable-storefront-as-a-developer/index.html matches sitemap.xml.
https://www.rhino-inquisitor.com/the-path-to-being-an-architect/,https://www.rhino-inquisitor.com/the-path-to-being-an-architect/,https://www.rhino-inquisitor.com/the-path-to-being-an-architect/,yes,Canonical tag from public/the-path-to-being-an-architect/index.html matches sitemap.xml.
https://www.rhino-inquisitor.com/the-realm-split-field-guide-to-migrating-an-sfcc-site/,https://www.rhino-inquisitor.com/the-realm-split-field-guide-to-migrating-an-sfcc-site/,https://www.rhino-inquisitor.com/the-realm-split-field-guide-to-migrating-an-sfcc-site/,yes,Canonical tag from public/the-realm-split-field-guide-to-migrating-an-sfcc-site/index.html matches sitemap.xml.
https://www.rhino-inquisitor.com/the-request-body-in-an-sfcc-controller/,https://www.rhino-inquisitor.com/the-request-body-in-an-sfcc-controller/,https://www.rhino-inquisitor.com/the-request-body-in-an-sfcc-controller/,yes,Canonical tag from public/the-request-body-in-an-sfcc-controller/index.html matches sitemap.xml.
https://www.rhino-inquisitor.com/the-salesforce-b2c-commerce-cloud-environment/,https://www.rhino-inquisitor.com/the-salesforce-b2c-commerce-cloud-environment/,https://www.rhino-inquisitor.com/the-salesforce-b2c-commerce-cloud-environment/,yes,Canonical tag from public/the-salesforce-b2c-commerce-cloud-environment/index.html matches sitemap.xml.
https://www.rhino-inquisitor.com/the-sfcc-guide-to-finding-pod-numbers/,https://www.rhino-inquisitor.com/the-sfcc-guide-to-finding-pod-numbers/,https://www.rhino-inquisitor.com/the-sfcc-guide-to-finding-pod-numbers/,yes,Canonical tag from public/the-sfcc-guide-to-finding-pod-numbers/index.html matches sitemap.xml.
https://www.rhino-inquisitor.com/the-state-of-ohana-for-salesforce-commerce-cloud/,https://www.rhino-inquisitor.com/the-state-of-ohana-for-salesforce-commerce-cloud/,https://www.rhino-inquisitor.com/the-state-of-ohana-for-salesforce-commerce-cloud/,yes,Canonical tag from public/the-state-of-ohana-for-salesforce-commerce-cloud/index.html matches sitemap.xml.
https://www.rhino-inquisitor.com/the-sunsetting-of-arc300-architect-b2c-commerce-solutions/,https://www.rhino-inquisitor.com/the-sunsetting-of-arc300-architect-b2c-commerce-solutions/,https://www.rhino-inquisitor.com/the-sunsetting-of-arc300-architect-b2c-commerce-solutions/,yes,Canonical tag from public/the-sunsetting-of-arc300-architect-b2c-commerce-solutions/index.html matches sitemap.xml.
https://www.rhino-inquisitor.com/third-party-api-caching-in-commerce-cloud/,https://www.rhino-inquisitor.com/third-party-api-caching-in-commerce-cloud/,https://www.rhino-inquisitor.com/third-party-api-caching-in-commerce-cloud/,yes,Canonical tag from public/third-party-api-caching-in-commerce-cloud/index.html matches sitemap.xml.
https://www.rhino-inquisitor.com/three-things-to-secure-sfcc/,https://www.rhino-inquisitor.com/three-things-to-secure-sfcc/,https://www.rhino-inquisitor.com/three-things-to-secure-sfcc/,yes,Canonical tag from public/three-things-to-secure-sfcc/index.html matches sitemap.xml.
https://www.rhino-inquisitor.com/trailblazerdx-2022-for-b2c-commerce/,https://www.rhino-inquisitor.com/trailblazerdx-2022-for-b2c-commerce/,https://www.rhino-inquisitor.com/trailblazerdx-2022-for-b2c-commerce/,yes,Canonical tag from public/trailblazerdx-2022-for-b2c-commerce/index.html matches sitemap.xml.
https://www.rhino-inquisitor.com/understanding-locale-fallback-in-sfcc/,https://www.rhino-inquisitor.com/understanding-locale-fallback-in-sfcc/,https://www.rhino-inquisitor.com/understanding-locale-fallback-in-sfcc/,yes,Canonical tag from public/understanding-locale-fallback-in-sfcc/index.html matches sitemap.xml.
https://www.rhino-inquisitor.com/understanding-sfcc-instances/,https://www.rhino-inquisitor.com/understanding-sfcc-instances/,https://www.rhino-inquisitor.com/understanding-sfcc-instances/,yes,Canonical tag from public/understanding-sfcc-instances/index.html matches sitemap.xml.
https://www.rhino-inquisitor.com/unravelling-the-mystery-of-dates-in-the-ocapi/,https://www.rhino-inquisitor.com/unravelling-the-mystery-of-dates-in-the-ocapi/,https://www.rhino-inquisitor.com/unravelling-the-mystery-of-dates-in-the-ocapi/,yes,Canonical tag from public/unravelling-the-mystery-of-dates-in-the-ocapi/index.html matches sitemap.xml.
https://www.rhino-inquisitor.com/versioning-of-content-assets/,https://www.rhino-inquisitor.com/versioning-of-content-assets/,https://www.rhino-inquisitor.com/versioning-of-content-assets/,yes,Canonical tag from public/versioning-of-content-assets/index.html matches sitemap.xml.
https://www.rhino-inquisitor.com/video/,https://www.rhino-inquisitor.com/video/,https://www.rhino-inquisitor.com/video/,yes,Canonical tag from public/video/index.html matches sitemap.xml.
https://www.rhino-inquisitor.com/what-can-i-use-chatgpt-for-when-working-with-salesforce/,https://www.rhino-inquisitor.com/what-can-i-use-chatgpt-for-when-working-with-salesforce/,https://www.rhino-inquisitor.com/what-can-i-use-chatgpt-for-when-working-with-salesforce/,yes,Canonical tag from public/what-can-i-use-chatgpt-for-when-working-with-salesforce/index.html matches sitemap.xml.
https://www.rhino-inquisitor.com/what-does-the-composable-storefront-mean-for-sfcc-developers/,https://www.rhino-inquisitor.com/what-does-the-composable-storefront-mean-for-sfcc-developers/,https://www.rhino-inquisitor.com/what-does-the-composable-storefront-mean-for-sfcc-developers/,yes,Canonical tag from public/what-does-the-composable-storefront-mean-for-sfcc-developers/index.html matches sitemap.xml.
https://www.rhino-inquisitor.com/what-is-commerce-on-core/,https://www.rhino-inquisitor.com/what-is-commerce-on-core/,https://www.rhino-inquisitor.com/what-is-commerce-on-core/,yes,Canonical tag from public/what-is-commerce-on-core/index.html matches sitemap.xml.
https://www.rhino-inquisitor.com/what-is-new-in-sfcc-24-6/,https://www.rhino-inquisitor.com/what-is-new-in-sfcc-24-6/,https://www.rhino-inquisitor.com/what-is-new-in-sfcc-24-6/,yes,Canonical tag from public/what-is-new-in-sfcc-24-6/index.html matches sitemap.xml.
https://www.rhino-inquisitor.com/what-is-new-in-the-23-8-commerce-cloud-release/,https://www.rhino-inquisitor.com/what-is-new-in-the-23-8-commerce-cloud-release/,https://www.rhino-inquisitor.com/what-is-new-in-the-23-8-commerce-cloud-release/,yes,Canonical tag from public/what-is-new-in-the-23-8-commerce-cloud-release/index.html matches sitemap.xml.
https://www.rhino-inquisitor.com/what-is-oci-omnichannel-inventory/,https://www.rhino-inquisitor.com/what-is-oci-omnichannel-inventory/,https://www.rhino-inquisitor.com/what-is-oci-omnichannel-inventory/,yes,Canonical tag from public/what-is-oci-omnichannel-inventory/index.html matches sitemap.xml.
https://www.rhino-inquisitor.com/what-is-the-ocapi-session-bridge/,https://www.rhino-inquisitor.com/what-is-the-ocapi-session-bridge/,https://www.rhino-inquisitor.com/what-is-the-ocapi-session-bridge/,yes,Canonical tag from public/what-is-the-ocapi-session-bridge/index.html matches sitemap.xml.
https://www.rhino-inquisitor.com/what-is-the-sfcc-managed-runtime/,https://www.rhino-inquisitor.com/what-is-the-sfcc-managed-runtime/,https://www.rhino-inquisitor.com/what-is-the-sfcc-managed-runtime/,yes,Canonical tag from public/what-is-the-sfcc-managed-runtime/index.html matches sitemap.xml.
https://www.rhino-inquisitor.com/what-skills-do-i-need-as-a-sfcc-architect/,https://www.rhino-inquisitor.com/what-skills-do-i-need-as-a-sfcc-architect/,https://www.rhino-inquisitor.com/what-skills-do-i-need-as-a-sfcc-architect/,yes,Canonical tag from public/what-skills-do-i-need-as-a-sfcc-architect/index.html matches sitemap.xml.
https://www.rhino-inquisitor.com/where-is-the-new-sfcc-documentation/,https://www.rhino-inquisitor.com/where-is-the-new-sfcc-documentation/,https://www.rhino-inquisitor.com/where-is-the-new-sfcc-documentation/,yes,Canonical tag from public/where-is-the-new-sfcc-documentation/index.html matches sitemap.xml.
https://www.rhino-inquisitor.com/where-to-hook-into-an-sfra-controller/,https://www.rhino-inquisitor.com/where-to-hook-into-an-sfra-controller/,https://www.rhino-inquisitor.com/where-to-hook-into-an-sfra-controller/,yes,Canonical tag from public/where-to-hook-into-an-sfra-controller/index.html matches sitemap.xml.
https://www.rhino-inquisitor.com/where-to-start-when-you-are-new-to-salesforce-b2c-commerce-cloud-development/,https://www.rhino-inquisitor.com/where-to-start-when-you-are-new-to-salesforce-b2c-commerce-cloud-development/,https://www.rhino-inquisitor.com/where-to-start-when-you-are-new-to-salesforce-b2c-commerce-cloud-development/,yes,Canonical tag from public/where-to-start-when-you-are-new-to-salesforce-b2c-commerce-cloud-development/index.html matches sitemap.xml.
https://www.rhino-inquisitor.com/why-circumventing-sfcc-quota-limits-is-a-bad-idea/,https://www.rhino-inquisitor.com/why-circumventing-sfcc-quota-limits-is-a-bad-idea/,https://www.rhino-inquisitor.com/why-circumventing-sfcc-quota-limits-is-a-bad-idea/,yes,Canonical tag from public/why-circumventing-sfcc-quota-limits-is-a-bad-idea/index.html matches sitemap.xml.
https://www.rhino-inquisitor.com/your-definitive-mobile-app-checklist/,https://www.rhino-inquisitor.com/your-definitive-mobile-app-checklist/,https://www.rhino-inquisitor.com/your-definitive-mobile-app-checklist/,yes,Canonical tag from public/your-definitive-mobile-app-checklist/index.html matches sitemap.xml.
